person_id,logged_on,exercise,reps,duration_sec,distance_km,laps,note,source
1,2022-06-11,run,,1611.0,4.0,,,gform
1,2022-06-13,run,,1500.0,3.7,,,gform
1,2022-06-14,run,,1809.0,4.5,,,gform
1,2022-06-16,run,,513.0,1.3,,,gform
1,2022-06-17,run,,1155.0,3.0,,,gform
1,2022-06-18,run,,2820.0,7.0,,,gform
1,2022-06-19,run,,1560.0,4.0,,,gform
1,2022-06-21,run,,1800.0,4.5,,,gform
1,2022-06-22,run,,1605.0,4.0,,,gform
1,2022-06-23,run,,1800.0,4.5,,,gform
1,2022-06-24,run,,1200.0,3.0,,,gform
1,2022-06-26,run,,1605.0,4.0,,,gform
1,2022-06-27,run,,1740.0,4.4,,,gform
1,2022-06-28,run,,639.0,1.6,,,gform
1,2022-06-29,run,,945.0,2.4,,,gform
1,2022-06-30,run,,1521.0,4.0,,,gform
1,2022-07-01,run,,1080.0,2.6,,,gform
1,2022-07-03,run,,1920.0,4.8,,,gform
1,2022-07-04,run,,795.0,2.0,,,gform
1,2022-07-05,run,,801.0,2.0,,,gform
1,2022-07-06,run,,840.0,2.1,,,gform
1,2022-07-07,run,,921.0,2.3,,,gform
1,2022-07-10,run,,2160.0,5.4,,,gform
1,2022-07-12,run,,1260.0,3.4,,,gform
1,2022-07-13,run,,1440.0,3.6,,,gform
1,2022-07-14,run,,789.0,2.2,,,gform
1,2022-07-15,run,,960.0,2.4,,,gform
1,2022-07-19,run,,1095.0,3.0,,,gform
1,2022-07-20,run,,1200.0,3.0,,,gform
1,2022-07-21,run,,960.0,2.4,,,gform
1,2022-07-24,run,,1200.0,3.0,,,gform
1,2022-07-25,run,,1200.0,3.0,,,gform
1,2022-07-26,run,,1260.0,3.1,,,gform
1,2022-07-27,run,,1260.0,3.1,,,gform
1,2022-07-28,run,,1599.0,4.0,,,gform
1,2022-07-29,run,,1200.0,3.0,,,gform
1,2022-07-30,run,,1329.0,3.3,,,gform
1,2022-07-31,run,,1200.0,3.0,,,gform
1,2022-08-06,run,,3300.0,8.2,,,gform
1,2022-08-08,run,,1281.0,3.0,,,gform
1,2022-08-11,run,,2001.0,5.0,,,gform
1,2022-08-13,swim_free,,,,6.0,"첫 수영, 집에 와서 바로 쓰러졌음.",gform
1,2022-08-15,swim_free,,,,6.0,,gform
1,2022-08-17,swim_free,,,,6.0,,gform
1,2022-08-19,swim_free,,,,6.0,,gform
1,2022-08-21,swim_free,,,,6.0,,gform
1,2022-08-23,run,,999.0,2.5,,,gform
1,2022-08-23,swim_free,,,,6.0,,gform
1,2022-08-25,swim_free,,,,6.0,,gform
1,2022-08-27,run,,1800.0,4.5,,,gform
1,2022-08-29,swim_free,,,,6.0,,gform
1,2022-08-31,swim_free,,,,7.0,100m 연속 수영,gform
1,2022-09-01,swim_free,,,,6.0,,gform
1,2022-09-03,run,,2073.0,5.0,,,gform
1,2022-09-04,run,,1080.0,2.5,,,gform
1,2022-09-05,run,,1851.0,4.6,,,gform
1,2022-09-06,swim_free,,,,10.0,,gform
1,2022-09-07,swim_free,,,,9.0,,gform
1,2022-09-13,swim_free,,,,10.0,,gform
1,2022-09-14,swim_free,,,,10.0,,gform
1,2022-09-15,swim_free,,,,10.0,,gform
1,2022-09-18,run,,2211.0,5.0,,,gform
1,2022-09-20,run,,1629.0,3.7,,,gform
1,2022-09-21,run,,1305.0,3.0,,,gform
1,2022-09-26,run,,1251.0,3.0,,,gform
1,2022-09-26,swim_free,,,,10.0,,gform
1,2022-09-27,swim_free,,,,10.0,,gform
1,2022-09-28,swim_free,,,,10.0,,gform
1,2022-09-29,swim_free,,,,10.0,,gform
1,2022-10-03,swim_free,,,,12.0,,gform
1,2022-10-04,swim_free,,,,15.0,,gform
1,2022-10-06,swim_free,,,,15.0,,gform
1,2022-10-09,swim_free,,,,15.0,,gform
1,2022-10-10,run,,2640.0,6.2,,,gform
1,2022-10-11,swim_free,,,,15.0,,gform
1,2022-10-12,swim_free,,,,15.0,,gform
1,2022-10-13,swim_free,,,,15.0,,gform
1,2022-10-14,swim_free,,,,16.0,,gform
1,2022-10-16,run,,2100.0,5.0,,,gform
1,2022-10-17,swim_free,,,,10.0,배영 100m,gform
1,2022-10-20,run,,2100.0,5.0,,,gform
1,2022-10-22,run,,3141.0,7.3,,,gform
1,2022-10-23,swim_free,,,,16.0,,gform
1,2022-10-25,swim_free,,,,20.0,,gform
1,2022-10-26,swim_free,,,,16.0,,gform
1,2022-10-27,swim_free,,,,20.0,,gform
1,2022-10-29,swim_free,,,,10.0,,gform
1,2022-10-30,swim_free,,,,18.5,,gform
1,2022-11-01,swim_free,,,,20.0,,gform
1,2022-11-02,swim_free,,,,20.0,,gform
1,2022-11-03,swim_free,,,,20.0,,gform
1,2022-11-04,swim_free,,,,20.0,,gform
1,2022-11-05,swim_free,,,,12.0,,gform
1,2022-11-06,swim_free,,,,16.5,,gform
1,2022-11-09,swim_free,,,,20.0,,gform
1,2022-11-10,swim_free,,,,30.0,,gform
1,2022-11-11,swim_free,,,,26.0,,gform
1,2022-11-13,swim_free,,,,27.0,,gform
1,2022-11-15,swim_free,,,,30.0,,gform
1,2022-11-16,swim_free,,,,27.0,,gform
1,2022-11-18,swim_free,,,,30.0,,gform
1,2022-11-20,run,,2205.0,5.0,,,gform
1,2022-11-22,swim_free,,,,20.0,,gform
1,2022-11-23,swim_free,,,,22.0,,gform
1,2022-11-24,swim_free,,,,20.0,,gform
1,2022-11-26,swim_free,,,,17.0,배영 13,gform
1,2022-11-27,swim_free,,,,23.0,배영 23,gform
1,2022-11-29,swim_free,,,,27.0,,gform
1,2022-12-01,run,,2580.0,6.0,,,gform
1,2022-12-02,run,,1659.0,4.0,,,gform
1,2022-12-03,run,,2073.0,5.0,,,gform
1,2022-12-04,run,,2751.0,6.3,,,gform
1,2022-12-06,run,,3021.0,7.0,,,gform
1,2022-12-07,run,,3129.0,7.0,,,gform
1,2022-12-08,swim_free,,,,26.0,,gform
1,2022-12-09,swim_free,,,,29.0,,gform
1,2022-12-10,swim_free,,,,29.0,,gform
1,2022-12-11,run,,2931.0,7.0,,,gform
1,2022-12-13,swim_free,,,,30.0,,gform
1,2022-12-14,swim_free,,,,23.0,,gform
1,2022-12-15,swim_free,,,,30.0,,gform
1,2022-12-16,swim_free,,,,34.0,,gform
1,2022-12-18,run,,3840.0,9.0,,,gform
1,2022-12-20,swim_free,,,,31.0,,gform
1,2022-12-21,swim_free,,,,24.0,,gform
1,2022-12-22,run,,3780.0,9.0,,,gform
1,2022-12-23,run,,3297.0,8.0,,,gform
1,2022-12-24,run,,3657.0,8.5,,,gform
1,2022-12-25,run,,3759.0,8.6,,,gform
1,2022-12-27,swim_free,,,,30.0,,gform
1,2022-12-28,run,,3747.0,9.0,,,gform
1,2022-12-29,swim_free,,,,30.0,,gform
1,2022-12-30,swim_free,,,,20.0,,gform
1,2022-12-31,swim_free,,,,31.0,,gform
1,2023-01-01,run,,3687.0,8.5,,,gform
1,2023-01-02,swim_free,,,,26.0,,gform
1,2023-01-03,swim_free,,,,30.0,,gform
1,2023-01-04,swim_free,,,,14.5,안면 충돌,gform
1,2023-01-05,run,,3639.0,8.3,,,gform
1,2023-01-06,swim_free,,,,30.0,,gform
1,2023-01-07,swim_free,,,,30.0,,gform
1,2023-01-08,swim_free,,,,23.0,,gform
1,2023-01-09,swim_free,,,,30.0,,gform
1,2023-01-10,swim_free,,,,40.0,10바퀴 안 쉬고,gform
1,2023-01-11,swim_free,,,,40.0,거의 연속으로,gform
1,2023-01-12,run,,3639.0,9.0,,,gform
1,2023-01-13,swim_free,,,,35.0,,gform
1,2023-01-14,run,,3753.0,8.8,,,gform
1,2023-01-15,run,,3615.0,8.5,,,gform
1,2023-01-16,swim_free,,,,40.0,,gform
1,2023-01-17,swim_free,,4080.0,,40.0,,gform
1,2023-01-18,swim_free,,4320.0,,40.0,,gform
1,2023-01-19,swim_free,,3387.0,,40.0,1번 쉬고 40바퀴,gform
1,2023-01-20,swim_free,,3420.0,,40.0,,gform
1,2023-01-24,run,,3600.0,9.0,,,gform
1,2023-01-25,swim_free,,4041.0,,40.0,,gform
1,2023-01-26,swim_free,,3840.0,,40.0,,gform
1,2023-01-27,swim_free,,1569.0,,13.0,컨디션 난조,gform
1,2023-01-31,swim_free,,3381.0,,40.0,,gform
1,2023-02-03,swim_free,,3831.0,,40.0,,gform
1,2023-02-04,swim_free,,3840.0,,40.0,,gform
1,2023-02-05,swim_free,,2607.0,,30.0,교회 시간 때문에 단축,gform
1,2023-02-06,swim_free,,3759.0,,40.0,속도 내고 자주 쉬었음,gform
1,2023-02-07,swim_free,,2625.0,,30.0,,gform
1,2023-02-08,swim_free,,3720.0,,40.0,,gform
1,2023-02-09,swim_free,,3837.0,,40.0,,gform
1,2023-02-10,swim_free,,2541.0,,25.0,,gform
1,2023-02-11,swim_free,,2997.0,,35.0,수영장 점심 시간 때문에 도중에 나왔음. 최고 기록 도전 각이었는데.,gform
1,2023-02-12,run,,3600.0,9.0,,,gform
1,2023-02-14,swim_free,,3831.0,,40.0,,gform
1,2023-02-16,swim_free,,3705.0,,40.0,,gform
1,2023-02-17,swim_free,,3375.0,,40.0,,gform
1,2023-02-19,run,,3600.0,9.3,,,gform
1,2023-02-21,swim_free,,3441.0,,40.0,,gform
1,2023-02-24,swim_free,,3465.0,,40.0,,gform
1,2023-02-26,run,,3609.0,9.1,,,gform
1,2023-02-27,swim_free,,3507.0,,40.0,,gform
1,2023-02-28,swim_free,,3375.0,,40.0,,gform
1,2023-03-01,swim_free,,1800.0,,21.0,연속 2일 수영으로 체력 소진,gform
1,2023-03-05,run,,3609.0,9.2,,,gform
1,2023-03-06,run,,3600.0,9.2,,,gform
1,2023-03-07,run,,3600.0,9.0,,,gform
1,2023-03-08,swim_free,,4020.0,,40.0,,gform
1,2023-03-09,run,,3600.0,8.2,,,gform
1,2023-03-10,run,,3609.0,8.5,,,gform
1,2023-03-11,run,,3639.0,8.9,,,gform
1,2023-03-13,swim_free,,3600.0,,33.0,"컨디션 난조, 근력운동 필요",gform
1,2023-03-14,run,,3621.0,9.0,,,gform
1,2023-03-15,swim_free,,3600.0,,29.0,"컨디션 난조, 근력운동 필요",gform
1,2023-03-17,swim_free,,3381.0,,40.0,,gform
1,2023-03-18,run,,3600.0,9.3,,,gform
1,2023-03-20,swim_free,,3615.0,,31.0,,gform
1,2023-03-21,run,,3600.0,9.3,,,gform
1,2023-03-22,swim_free,,3381.0,,40.0,,gform
1,2023-03-23,run,,3615.0,8.9,,,gform
1,2023-03-24,swim_free,,3693.0,,40.0,,gform
1,2023-03-25,run,,3609.0,8.7,,,gform
1,2023-03-27,swim_free,,3525.0,,28.0,"컨디션 난조, 근력운동 필요",gform
1,2023-03-28,run,,3600.0,9.2,,,gform
1,2023-03-29,swim_free,,2340.0,,20.0,"컨디션 난조, 근력운동 필요",gform
1,2023-03-30,run,,3627.0,9.0,,,gform
1,2023-04-01,run,,3621.0,9.2,,3킬로 뛰고 소변 보고 나머지 뜀,gform
1,2023-04-02,run,,3621.0,9.1,,,gform
1,2023-04-03,run,,3600.0,8.2,,뛰는데 배고픔,gform
1,2023-04-05,swim_free,,3753.0,,40.0,,gform
1,2023-04-06,swim_free,,4020.0,,40.0,살이 빠져서 힘이 빠짐,gform
1,2023-04-08,run,,3600.0,9.5,,러닝 속도 9.2에서 점점 올렸음,gform
1,2023-04-09,run,,3600.0,7.5,,,gform
1,2023-04-10,run,,3621.0,8.1,,,gform
1,2023-04-11,swim_free,,3627.0,,33.0,,gform
1,2023-04-12,run,,3600.0,9.5,,페이스 조절 좋았음,gform
1,2023-04-13,swim_free,,3645.0,,37.0,,gform
1,2023-04-14,run,,3600.0,8.3,,,gform
1,2023-04-15,run,,1809.0,3.9,,허기져서 못 뛰겠음,gform
1,2023-04-16,run,,3600.0,8.8,,,gform
1,2023-04-17,run,,3615.0,8.9,,,gform
1,2023-04-18,swim_free,,3615.0,,34.0,,gform
1,2023-04-19,swim_free,,3645.0,,40.0,,gform
1,2023-04-20,swim_free,,3477.0,,40.0,,gform
1,2023-04-22,run,,3609.0,9.1,,,gform
1,2023-04-24,run,,3615.0,9.0,,,gform
1,2023-04-25,swim_free,,1971.0,,13.0,MGB 강의 후 체력 소진,gform
1,2023-04-26,run,,3633.0,9.0,,,gform
1,2023-04-27,swim_free,,3651.0,,36.0,,gform
1,2023-04-29,run,,3609.0,9.3,,,gform
1,2023-05-01,run,,3600.0,9.3,,,gform
1,2023-05-02,swim_free,,3681.0,,35.0,,gform
1,2023-05-03,run,,3600.0,8.2,,,gform
1,2023-05-04,swim_free,,3561.0,,40.0,,gform
1,2023-05-06,run,,2913.0,6.8,,용변으로 중단,gform
1,2023-05-07,run,,3000.0,7.0,,잠실 종합운동장 달리기,gform
1,2023-05-08,run,,3573.0,9.5,,"인화원 헬스장, 최고 기록",gform
1,2023-05-11,swim_free,,3681.0,,40.0,,gform
1,2023-05-13,run,,3621.0,9.1,,,gform
1,2023-05-14,run,,3600.0,9.0,,,gform
1,2023-05-15,swim_free,,3573.0,,27.0,,gform
1,2023-05-16,run,,3609.0,8.5,,,gform
1,2023-05-17,swim_free,,3033.0,,33.0,수영장 문 닫아서 하다가 나왔음,gform
1,2023-05-18,swim_free,,3600.0,,37.0,,gform
1,2023-05-20,swim_free,,3681.0,,34.0,,gform
1,2023-05-21,run,,3609.0,8.7,,,gform
1,2023-05-23,swim_free,,3600.0,,35.0,,gform
1,2023-05-25,swim_free,,3555.0,,32.0,,gform
1,2023-05-26,swim_free,,3591.0,,32.0,밥도 많이 못 먹고 기운이 없음,gform
1,2023-05-27,run,,3621.0,8.5,,,gform
1,2023-05-28,swim_free,,2511.0,,23.0,교회 시간이 부족해서 많이 못했음,gform
1,2023-05-29,run,,3609.0,8.6,,,gform
1,2023-05-30,run,,2880.0,6.0,,,gform
1,2023-06-01,swim_free,,3621.0,,31.0,,gform
1,2023-06-02,swim_free,,3597.0,,40.0,,gform
1,2023-06-03,run,,3021.0,7.0,,피곤해서 단축,gform
1,2023-06-04,run,,3600.0,8.6,,,gform
1,2023-06-06,run,,1947.0,4.0,,배고프고 기력 없음,gform
1,2023-06-07,run,,3609.0,7.7,,,gform
1,2023-06-08,swim_free,,3609.0,,31.0,,gform
1,2023-06-09,run,,3675.0,8.7,,,gform
1,2023-06-11,run,,3651.0,8.7,,,gform
1,2023-06-12,run,,1800.0,4.0,,컨디션 난조,gform
1,2023-06-13,swim_free,,3597.0,,32.0,,gform
1,2023-06-15,swim_free,,3801.0,,40.0,좀 느려도 초반에 체력관리 잘했음 41바퀴?,gform
1,2023-06-16,swim_free,,3639.0,,36.0,,gform
1,2023-06-17,run,,2955.0,6.9,,속이 안 좋아서 중도 포기,gform
1,2023-06-18,run,,1365.0,3.0,,컨디션 난조. 근력 전환,gform
1,2023-06-21,swim_free,,3549.0,,34.0,,gform
1,2023-06-23,swim_free,,3615.0,,37.0,,gform
1,2023-06-26,swim_free,,3660.0,,36.0,,gform
1,2023-06-27,pushup,60.0,,,,,gform
1,2023-06-30,swim_free,,3591.0,,38.0,,gform
1,2023-07-01,pushup,60.0,,,,,gform
1,2023-07-03,swim_free,,3693.0,,40.0,살 쪄서 힘이 남,gform
1,2023-07-06,swim_free,,3609.0,,33.0,살 빠져서 잘 안 나감,gform
1,2023-07-07,swim_free,,3660.0,,40.0,,gform
1,2023-07-08,pushup,35.0,,,,,gform
1,2023-07-08,run,,1500.0,3.75,,,gform
1,2023-07-09,pushup,20.0,,,,,gform
1,2023-07-09,run,,2400.0,6.0,,,gform
1,2023-07-13,swim_free,,3675.0,,36.0,선방했음,gform
1,2023-07-14,pushup,30.0,,,,유산소 30분,gform
1,2023-07-14,run,,1200.0,3.0,,유산소 30분,gform
1,2023-07-15,pushup,30.0,,,,,gform
1,2023-07-15,run,,1800.0,4.5,,,gform
1,2023-07-16,pushup,30.0,,,,유산소 30분,gform
1,2023-07-16,run,,1200.0,3.0,,유산소 30분,gform
1,2023-07-17,swim_free,,3660.0,,35.0,,gform
1,2023-07-19,swim_free,,3249.0,,25.0,코드 스테이츠 강의하느라 에너지 소진,gform
1,2023-07-20,swim_free,,3600.0,,38.0,,gform
1,2023-07-21,swim_free,,3507.0,,40.0,,gform
1,2023-07-22,pushup,20.0,,,,,gform
1,2023-07-22,run,,2409.0,5.4,,,gform
1,2023-07-23,swim_free,,1485.0,,12.0,,gform
1,2023-07-24,swim_free,,3645.0,,39.0,,gform
1,2023-07-26,pushup,20.0,,,,,gform
1,2023-07-26,run,,2400.0,5.5,,,gform
1,2023-07-27,swim_free,,3615.0,,36.0,,gform
1,2023-07-28,swim_free,,2427.0,,22.0,건강검진해서 피곤함,gform
1,2023-07-29,swim_free,,3660.0,,39.0,,gform
1,2023-07-30,pushup,39.0,,,,,gform
1,2023-07-30,run,,1899.0,4.1,,,gform
1,2023-07-31,pushup,20.0,,,,,gform
1,2023-07-31,run,,2409.0,5.3,,,gform
1,2023-08-01,badminton,,5400.0,,,배드민턴,gform
1,2023-08-02,swim_free,,939.0,,7.0,전날 PY4E 새벽 1시까지 하느라 피곤,gform
1,2023-08-03,swim_free,,3639.0,,37.0,,gform
1,2023-08-12,swim_free,,3165.0,,32.0,"더 할 수 있었는데, 다른 가족들이 먼저 나가서 중단함",gform
1,2023-08-13,pushup,19.0,,,,,gform
1,2023-08-13,run,,2460.0,5.7,,,gform
1,2023-08-14,swim_free,,3585.0,,35.0,,gform
1,2023-08-15,badminton,,3600.0,,,배드민턴,gform
1,2023-08-16,swim_free,,3633.0,,37.0,,gform
1,2023-08-17,swim_free,,1695.0,,14.0,많이 안 먹어서 기력이 없음,gform
1,2023-08-18,pushup,18.0,,,,,gform
1,2023-08-18,run,,2520.0,6.0,,,gform
1,2023-08-19,pushup,18.0,,,,뛰다가 배고파,gform
1,2023-08-19,run,,2571.0,5.5,,뛰다가 배고파,gform
1,2023-08-20,pushup,20.0,,,,,gform
1,2023-08-20,run,,2400.0,5.7,,,gform
1,2023-08-21,swim_free,,3621.0,,35.0,,gform
1,2023-08-23,pushup,17.0,,,,,gform
1,2023-08-23,run,,2589.0,5.7,,,gform
1,2023-08-24,swim_free,,3597.0,,35.0,,gform
1,2023-08-25,pushup,15.0,,,,,gform
1,2023-08-25,run,,2715.0,5.8,,,gform
1,2023-08-26,swim_free,,3645.0,,34.0,,gform
1,2023-08-27,pushup,17.0,,,,,gform
1,2023-08-27,run,,2589.0,5.5,,,gform
1,2023-08-28,run,,3609.0,7.3,,,gform
1,2023-08-30,pushup,20.0,,,,,gform
1,2023-08-30,run,,2400.0,4.5,,,gform
1,2023-08-31,swim_free,,3573.0,,32.0,,gform
1,2023-09-01,swim_free,,3621.0,,36.0,,gform
1,2023-09-02,badminton,,2400.0,,,배드민턴 시부적,gform
1,2023-09-03,pushup,18.0,,,,소식해서 기운이 없음,gform
1,2023-09-03,run,,2520.0,5.0,,소식해서 기운이 없음,gform
1,2023-09-04,swim_free,,3540.0,,30.0,거의 두 달 가까이 40바퀴 한 적 없음,gform
1,2023-09-06,pushup,20.0,,,,,gform
1,2023-09-06,run,,2400.0,5.1,,,gform
1,2023-09-07,swim_free,,3681.0,,33.0,,gform
1,2023-09-08,pushup,15.0,,,,,gform
1,2023-09-08,run,,2700.0,6.0,,,gform
1,2023-09-09,pushup,18.0,,,,,gform
1,2023-09-09,run,,2520.0,5.0,,,gform
1,2023-09-10,pushup,20.0,,,,,gform
1,2023-09-10,run,,2415.0,4.9,,,gform
1,2023-09-11,run,,3660.0,6.8,,중간에 한 번 쉬었음,gform
1,2023-09-13,pushup,18.0,,,,,gform
1,2023-09-13,run,,2520.0,5.2,,,gform
1,2023-09-14,pushup,17.0,,,,,gform
1,2023-09-14,run,,2580.0,5.7,,,gform
1,2023-09-15,pushup,16.0,,,,,gform
1,2023-09-15,run,,2640.0,5.5,,,gform
1,2023-09-16,pushup,20.0,,,,,gform
1,2023-09-16,run,,2400.0,5.3,,,gform
1,2023-09-17,pushup,19.0,,,,,gform
1,2023-09-17,run,,2460.0,5.5,,,gform
1,2023-09-18,pushup,18.0,,,,,gform
1,2023-09-18,run,,2520.0,5.4,,,gform
1,2023-09-19,run,,2700.0,6.1,,,gform
1,2023-09-20,pushup,20.0,,,,,gform
1,2023-09-20,run,,2400.0,5.0,,,gform
1,2023-09-21,pushup,19.0,,,,,gform
1,2023-09-21,run,,2460.0,4.9,,,gform
1,2023-09-24,pushup,20.0,,,,,gform
1,2023-09-24,run,,2400.0,5.3,,,gform
1,2023-09-26,pushup,19.0,,,,,gform
1,2023-09-26,run,,2460.0,5.1,,,gform
1,2023-09-27,swim_free,,3600.0,,27.0,20일만에 수영했음,gform
1,2023-09-28,badminton,,5400.0,,,배민,gform
1,2023-10-03,pushup,16.0,,,,,gform
1,2023-10-03,run,,2640.0,6.6,,,gform
1,2023-10-04,swim_free,,3621.0,,24.0,,gform
1,2023-10-05,run,,3600.0,9.0,,,gform
1,2023-10-06,pushup,18.0,,,,,gform
1,2023-10-06,run,,2520.0,5.6,,,gform
1,2023-10-08,pushup,15.0,,,,,gform
1,2023-10-08,run,,2700.0,6.3,,,gform
1,2023-10-09,pushup,18.0,,,,,gform
1,2023-10-09,run,,2520.0,6.0,,,gform
1,2023-10-10,pushup,20.0,,,,,gform
1,2023-10-10,run,,2409.0,4.7,,,gform
1,2023-10-11,swim_free,,2955.0,,24.0,,gform
1,2023-10-12,pushup,16.0,,,,,gform
1,2023-10-12,run,,969.0,2.4,,,gform
1,2023-10-13,pushup,18.0,,,,,gform
1,2023-10-13,run,,2520.0,5.4,,,gform
1,2023-10-14,pushup,20.0,,,,,gform
1,2023-10-14,run,,2400.0,5.7,,,gform
1,2023-10-15,pushup,20.0,,,,,gform
1,2023-10-15,run,,2400.0,4.8,,,gform
1,2023-10-16,pushup,16.0,,,,피곤해,gform
1,2023-10-16,run,,1455.0,2.8,,피곤해,gform
1,2023-10-17,pushup,15.0,,,,,gform
1,2023-10-17,run,,2700.0,6.1,,,gform
1,2023-10-18,pushup,18.0,,,,,gform
1,2023-10-18,run,,2520.0,5.3,,,gform
1,2023-10-19,pushup,20.0,,,,오르막 길,gform
1,2023-10-19,run,,2400.0,4.3,,오르막 길,gform
1,2023-10-20,run,,3600.0,8.8,,,gform
1,2023-10-21,pushup,12.0,,,,,gform
1,2023-10-21,run,,2880.0,6.9,,,gform
1,2023-10-22,pushup,13.0,,,,,gform
1,2023-10-22,run,,2820.0,6.8,,,gform
1,2023-10-23,swim_free,,3597.0,,26.0,,gform
1,2023-10-24,pushup,20.0,,,,10분 단축,gform
1,2023-10-24,run,,1809.0,4.1,,10분 단축,gform
1,2023-10-25,pushup,13.0,,,,"30분, 한 끼 먹었음",gform
1,2023-10-25,run,,1020.0,2.3,,"30분, 한 끼 먹었음",gform
1,2023-10-26,pushup,19.0,,,,,gform
1,2023-10-26,run,,2460.0,5.3,,,gform
1,2023-10-29,pushup,20.0,,,,,gform
1,2023-10-29,run,,2400.0,5.2,,,gform
1,2023-10-30,pushup,19.0,,,,,gform
1,2023-10-30,run,,2460.0,4.8,,,gform
1,2023-10-31,run,,2100.0,5.2,,당근 영어,gform
1,2023-11-01,pushup,17.0,,,,,gform
1,2023-11-01,run,,2589.0,5.6,,,gform
1,2023-11-02,pushup,19.0,,,,,gform
1,2023-11-02,run,,2460.0,5.3,,,gform
1,2023-11-03,run,,3600.0,9.0,,,gform
1,2023-11-05,pushup,20.0,,,,,gform
1,2023-11-05,run,,2400.0,6.1,,,gform
1,2023-11-06,pushup,20.0,,,,,gform
1,2023-11-06,run,,2400.0,5.4,,,gform
1,2023-11-07,swim_free,,3420.0,,26.0,,gform
1,2023-11-08,swim_free,,3537.0,,33.0,,gform
1,2023-11-10,run,,3600.0,9.0,,,gform
1,2023-11-11,pushup,20.0,,,,,gform
1,2023-11-11,run,,2400.0,6.0,,,gform
1,2023-11-13,pushup,16.0,,,,,gform
1,2023-11-13,run,,2640.0,6.6,,,gform
1,2023-11-14,pushup,19.0,,,,,gform
1,2023-11-14,run,,2460.0,5.1,,,gform
1,2023-11-15,swim_free,,3699.0,,35.0,,gform
1,2023-11-16,pushup,20.0,,,,,gform
1,2023-11-16,run,,2400.0,5.5,,,gform
1,2023-11-17,pushup,16.0,,,,,gform
1,2023-11-17,run,,2640.0,6.0,,,gform
1,2023-11-18,pushup,19.0,,,,,gform
1,2023-11-18,run,,2460.0,5.1,,,gform
1,2023-11-19,run,,3600.0,9.0,,,gform
1,2023-11-20,pushup,20.0,,,,,gform
1,2023-11-20,run,,2400.0,5.5,,,gform
1,2023-11-21,pushup,18.0,,,,,gform
1,2023-11-21,run,,2520.0,6.0,,,gform
1,2023-11-22,swim_free,,3660.0,,30.0,,gform
1,2023-11-23,swim_free,,3660.0,,34.0,,gform
1,2023-11-24,swim_free,,3600.0,,38.0,,gform
1,2023-11-26,pushup,19.0,,,,,gform
1,2023-11-26,run,,2460.0,5.6,,,gform
1,2023-11-27,pushup,19.0,,,,,gform
1,2023-11-27,run,,2460.0,5.9,,,gform
1,2023-11-28,pushup,20.0,,,,,gform
1,2023-11-28,run,,2400.0,6.0,,,gform
1,2023-11-29,swim_free,,3621.0,,32.0,,gform
1,2023-11-30,pushup,20.0,,,,,gform
1,2023-11-30,run,,2400.0,5.4,,,gform
1,2023-12-01,swim_free,,3591.0,,40.0,"23.07.21 이후 5개월만의 최고 기록, 하루 전 휴가여서 푹 쉬었음. 몸무게 56.2kg",gform
1,2023-12-02,pushup,20.0,,,,,gform
1,2023-12-02,run,,2400.0,5.2,,,gform
1,2023-12-03,pushup,19.0,,,,,gform
1,2023-12-03,run,,2460.0,5.8,,,gform
1,2023-12-04,swim_free,,3627.0,,36.0,,gform
1,2023-12-05,swim_free,,3639.0,,33.0,,gform
1,2023-12-06,swim_free,,3639.0,,40.0,,gform
1,2023-12-07,pushup,20.0,,,,,gform
1,2023-12-07,run,,2400.0,6.0,,,gform
1,2023-12-08,pushup,20.0,,,,,gform
1,2023-12-08,run,,2400.0,6.0,,,gform
1,2023-12-09,pushup,19.0,,,,,gform
1,2023-12-09,run,,2460.0,5.7,,,gform
1,2023-12-10,pushup,20.0,,,,,gform
1,2023-12-10,run,,2400.0,5.6,,,gform
1,2023-12-11,pushup,20.0,,,,,gform
1,2023-12-11,run,,2400.0,5.6,,,gform
1,2023-12-12,swim_free,,3540.0,,33.0,,gform
1,2023-12-13,swim_free,,3615.0,,35.0,,gform
1,2023-12-15,pushup,20.0,,,,,gform
1,2023-12-15,run,,2400.0,5.6,,,gform
1,2023-12-16,pushup,20.0,,,,,gform
1,2023-12-16,run,,2400.0,6.0,,,gform
1,2023-12-17,pushup,19.0,,,,,gform
1,2023-12-17,run,,2460.0,5.5,,,gform
1,2023-12-18,swim_free,,3645.0,,39.0,,gform
1,2023-12-19,swim_free,,3627.0,,36.0,,gform
1,2023-12-20,pushup,20.0,,,,,gform
1,2023-12-20,run,,2400.0,5.7,,,gform
1,2023-12-21,pushup,20.0,,,,,gform
1,2023-12-21,run,,2400.0,6.0,,,gform
1,2023-12-22,swim_free,,3567.0,,34.0,,gform
1,2023-12-23,pushup,20.0,,,,,gform
1,2023-12-23,run,,2400.0,5.7,,,gform
1,2023-12-24,pushup,20.0,,,,,gform
1,2023-12-24,run,,2400.0,5.8,,,gform
1,2023-12-25,pushup,20.0,,,,,gform
1,2023-12-25,run,,2400.0,5.6,,,gform
1,2023-12-26,swim_free,,3645.0,,33.0,,gform
1,2023-12-27,pushup,20.0,,,,,gform
1,2023-12-27,run,,2400.0,5.8,,,gform
1,2023-12-28,pushup,10.0,,,,단축,gform
1,2023-12-28,run,,1800.0,4.3,,단축,gform
1,2023-12-29,swim_free,,3609.0,,34.0,배영 약 20바퀴,gform
1,2023-12-30,pushup,20.0,,,,,gform
1,2023-12-30,run,,2400.0,5.6,,,gform
1,2023-12-31,pushup,20.0,,,,,gform
1,2023-12-31,run,,2400.0,6.0,,,gform
1,2024-01-01,core,160.0,,,,,gform
1,2024-01-01,pushup,160.0,,,,,gform
1,2024-01-01,run,,2400.0,5.7,,,gform
1,2024-01-02,swim_free,,3849.0,,40.0,,gform
1,2024-01-04,core,150.0,,,,,gform
1,2024-01-04,pushup,170.0,,,,,gform
1,2024-01-04,run,,2400.0,6.0,,,gform
1,2024-01-05,swim_free,,3357.0,,26.0,,gform
1,2024-01-08,swim_free,,3645.0,,30.0,,gform
1,2024-01-09,swim_free,,3579.0,,31.0,,gform
1,2024-01-10,swim_free,,3597.0,,35.0,,gform
1,2024-01-11,swim_free,,3621.0,,39.0,,gform
1,2024-01-12,swim_free,,3573.0,,37.0,,gform
1,2024-01-13,core,170.0,,,,,gform
1,2024-01-13,pushup,160.0,,,,,gform
1,2024-01-13,run,,2400.0,6.0,,,gform
1,2024-01-14,swim_free,,3573.0,,36.0,,gform
1,2024-01-15,swim_free,,3585.0,,40.0,,gform
1,2024-01-16,swim_free,,3567.0,,40.0,,gform
1,2024-01-17,swim_free,,3621.0,,34.0,오른팔 통증,gform
1,2024-01-18,core,170.0,,,,,gform
1,2024-01-18,leg,150.0,,,,,gform
1,2024-01-18,run,,2460.0,5.8,,,gform
1,2024-01-19,swim_free,,3561.0,,40.0,,gform
1,2024-01-20,core,70.0,,,,,gform
1,2024-01-20,leg,70.0,,,,,gform
1,2024-01-20,pushup,70.0,,,,,gform
1,2024-01-20,run,,2460.0,5.8,,,gform
1,2024-01-21,swim_free,,3411.0,,37.5,,gform
1,2024-01-22,core,100.0,,,,,gform
1,2024-01-22,leg,100.0,,,,,gform
1,2024-01-22,pushup,80.0,,,,,gform
1,2024-01-22,run,,2400.0,5.9,,,gform
1,2024-01-23,swim_free,,3291.0,,40.0,수영 최고 기록,gform
1,2024-01-24,swim_free,,3111.0,,40.0,수영 최고 기록,gform
1,2024-01-25,swim_free,,3219.0,,40.0,,gform
1,2024-01-26,swim_free,,3285.0,,40.0,,gform
1,2024-01-27,core,108.0,,,,,gform
1,2024-01-27,leg,50.0,,,,,gform
1,2024-01-27,pushup,80.0,,,,,gform
1,2024-01-27,run,,2460.0,5.2,,,gform
1,2024-01-28,core,100.0,,,,,gform
1,2024-01-28,leg,100.0,,,,,gform
1,2024-01-28,pushup,100.0,,,,,gform
1,2024-01-28,run,,2460.0,4.8,,,gform
1,2024-01-29,swim_free,,3507.0,,40.0,,gform
1,2024-01-30,swim_free,,3477.0,,40.0,,gform
1,2024-01-31,swim_free,,3669.0,,40.0,,gform
1,2024-02-01,swim_free,,3129.0,,40.0,,gform
1,2024-02-02,swim_free,,3375.0,,40.0,,gform
1,2024-02-04,pushup,110.0,,,,,gform
1,2024-02-04,run,,1701.0,4.0,,,gform
1,2024-02-05,pushup,120.0,,,,,gform
1,2024-02-05,run,,2460.0,5.9,,,gform
1,2024-02-06,swim_free,,3459.0,,40.0,,gform
1,2024-02-07,swim_free,,3561.0,,38.0,,gform
1,2024-02-08,core,100.0,,,,,gform
1,2024-02-08,pushup,110.0,,,,,gform
1,2024-02-08,run,,2520.0,6.0,,,gform
1,2024-02-09,core,150.0,,,,,gform
1,2024-02-09,pushup,100.0,,,,,gform
1,2024-02-09,run,,2460.0,5.4,,,gform
1,2024-02-10,core,120.0,,,,,gform
1,2024-02-10,pushup,130.0,,,,,gform
1,2024-02-10,run,,2400.0,5.8,,,gform
1,2024-02-11,core,150.0,,,,,gform
1,2024-02-11,pushup,150.0,,,,,gform
1,2024-02-11,run,,2400.0,6.0,,,gform
1,2024-02-12,core,150.0,,,,,gform
1,2024-02-12,pushup,150.0,,,,,gform
1,2024-02-12,run,,2400.0,6.0,,,gform
1,2024-02-14,swim_free,,3549.0,,39.0,,gform
1,2024-02-15,swim_free,,3555.0,,40.0,,gform
1,2024-02-16,swim_free,,3240.0,,40.0,,gform
1,2024-02-17,swim_free,,3300.0,,31.0,,gform
1,2024-02-18,core,150.0,,,,,gform
1,2024-02-18,pushup,155.0,,,,,gform
1,2024-02-18,run,,2400.0,6.0,,,gform
1,2024-02-19,swim_free,,3681.0,,40.0,,gform
1,2024-02-20,swim_free,,3465.0,,40.0,,gform
1,2024-02-21,swim_free,,3513.0,,40.0,,gform
1,2024-02-24,core,150.0,,,,,gform
1,2024-02-24,pushup,150.0,,,,,gform
1,2024-02-24,run,,2400.0,6.0,,,gform
1,2024-02-25,core,150.0,,,,,gform
1,2024-02-25,pushup,155.0,,,,,gform
1,2024-02-25,run,,2400.0,6.0,,,gform
1,2024-02-26,swim_free,,3609.0,,38.0,,gform
1,2024-02-27,swim_free,,3381.0,,40.0,,gform
1,2024-02-28,swim_free,,3240.0,,40.0,,gform
1,2024-02-29,core,150.0,,,,,gform
1,2024-02-29,pushup,150.0,,,,,gform
1,2024-02-29,run,,2400.0,6.0,,,gform
1,2024-03-01,core,150.0,,,,,gform
1,2024-03-01,pushup,150.0,,,,,gform
1,2024-03-01,run,,2400.0,6.0,,,gform
1,2024-03-02,swim_free,,3351.0,,40.0,,gform
1,2024-03-03,core,150.0,,,,,gform
1,2024-03-03,pushup,150.0,,,,,gform
1,2024-03-03,run,,2400.0,6.0,,,gform
1,2024-03-04,core,150.0,,,,,gform
1,2024-03-04,pushup,150.0,,,,,gform
1,2024-03-04,run,,2400.0,6.0,,,gform
1,2024-03-05,core,155.0,,,,,gform
1,2024-03-05,pushup,150.0,,,,,gform
1,2024-03-05,run,,2460.0,6.0,,,gform
1,2024-03-06,core,150.0,,,,,gform
1,2024-03-06,pushup,150.0,,,,,gform
1,2024-03-06,run,,2400.0,6.0,,,gform
1,2024-03-07,swim_free,,3567.0,,36.0,,gform
1,2024-03-08,swim_free,,3213.0,,40.0,역대 2번째 기록,gform
1,2024-03-09,core,150.0,,,,,gform
1,2024-03-09,pushup,150.0,,,,,gform
1,2024-03-09,run,,2400.0,6.0,,,gform
1,2024-03-10,swim_free,,3099.0,,32.0,웅 목 아파서 빨리 나옴,gform
1,2024-03-11,swim_free,,3540.0,,38.0,,gform
1,2024-03-12,core,150.0,,,,,gform
1,2024-03-12,pushup,150.0,,,,,gform
1,2024-03-12,run,,2400.0,6.0,,,gform
1,2024-03-13,swim_free,,3615.0,,39.0,,gform
1,2024-03-16,core,150.0,,,,,gform
1,2024-03-16,pushup,150.0,,,,,gform
1,2024-03-16,run,,2400.0,6.0,,,gform
1,2024-03-17,core,150.0,,,,,gform
1,2024-03-17,pushup,150.0,,,,,gform
1,2024-03-17,run,,2400.0,5.6,,,gform
1,2024-03-18,swim_free,,3600.0,,35.0,,gform
1,2024-03-19,core,150.0,,,,,gform
1,2024-03-19,pushup,150.0,,,,,gform
1,2024-03-19,run,,2400.0,5.6,,,gform
1,2024-03-20,swim_free,,3480.0,,40.0,,gform
1,2024-03-21,core,150.0,,,,,gform
1,2024-03-21,pushup,150.0,,,,,gform
1,2024-03-21,run,,2439.0,6.0,,,gform
1,2024-03-22,core,150.0,,,,,gform
1,2024-03-22,pushup,150.0,,,,,gform
1,2024-03-22,run,,2400.0,6.0,,,gform
1,2024-03-25,core,150.0,,,,,gform
1,2024-03-25,pushup,150.0,,,,,gform
1,2024-03-25,run,,2400.0,6.0,,,gform
1,2024-03-26,swim_free,,3495.0,,40.0,,gform
1,2024-03-27,swim_free,,3600.0,,40.0,,gform
1,2024-03-28,core,150.0,,,,,gform
1,2024-03-28,pushup,150.0,,,,,gform
1,2024-03-28,run,,2400.0,6.0,,,gform
1,2024-03-29,core,150.0,,,,,gform
1,2024-03-29,pushup,150.0,,,,,gform
1,2024-03-29,run,,2400.0,5.8,,,gform
1,2024-03-30,core,150.0,,,,,gform
1,2024-03-30,pushup,150.0,,,,,gform
1,2024-03-30,run,,2460.0,6.0,,,gform
1,2024-03-31,swim_free,,3225.0,,34.0,다른 가족들과 같이 가서 빨리 나옴,gform
1,2024-04-01,swim_free,,3567.0,,38.0,,gform
1,2024-04-02,swim_free,,3627.0,,39.0,,gform
1,2024-04-03,core,150.0,,,,,gform
1,2024-04-03,pushup,150.0,,,,,gform
1,2024-04-03,run,,2400.0,5.6,,,gform
1,2024-04-05,core,150.0,,,,,gform
1,2024-04-05,pushup,150.0,,,,,gform
1,2024-04-05,run,,2400.0,6.0,,,gform
1,2024-04-06,core,150.0,,,,,gform
1,2024-04-06,leg,150.0,,,,,gform
1,2024-04-06,run,,2400.0,6.0,,,gform
1,2024-04-07,swim_free,,3225.0,,33.0,,gform
1,2024-04-08,core,150.0,,,,,gform
1,2024-04-08,leg,150.0,,,,,gform
1,2024-04-08,run,,2400.0,5.7,,,gform
1,2024-04-09,core,150.0,,,,,gform
1,2024-04-09,leg,150.0,,,,,gform
1,2024-04-09,run,,2400.0,5.6,,,gform
1,2024-04-10,core,150.0,,,,,gform
1,2024-04-10,leg,75.0,,,,,gform
1,2024-04-10,pushup,75.0,,,,,gform
1,2024-04-10,run,,2460.0,6.0,,,gform
1,2024-04-11,swim_free,,3669.0,,38.0,,gform
1,2024-04-12,core,150.0,,,,,gform
1,2024-04-12,pushup,150.0,,,,,gform
1,2024-04-12,run,,2400.0,5.9,,,gform
1,2024-04-13,core,150.0,,,,,gform
1,2024-04-13,pushup,150.0,,,,,gform
1,2024-04-13,run,,2400.0,6.0,,,gform
1,2024-04-14,core,150.0,,,,,gform
1,2024-04-14,pushup,150.0,,,,,gform
1,2024-04-14,run,,2400.0,6.0,,,gform
1,2024-04-15,swim_free,,3600.0,,37.0,,gform
1,2024-04-16,swim_free,,3549.0,,33.0,,gform
1,2024-04-17,swim_free,,3621.0,,39.0,,gform
1,2024-04-18,core,150.0,,,,,gform
1,2024-04-18,pushup,150.0,,,,,gform
1,2024-04-18,run,,2460.0,5.8,,,gform
1,2024-04-19,swim_free,,1800.0,,20.0,,gform
1,2024-04-20,core,150.0,,,,,gform
1,2024-04-20,pushup,150.0,,,,,gform
1,2024-04-20,run,,2400.0,6.0,,,gform
1,2024-04-21,core,150.0,,,,,gform
1,2024-04-21,leg,150.0,,,,,gform
1,2024-04-21,run,,2400.0,6.0,,,gform
1,2024-04-22,core,150.0,,,,,gform
1,2024-04-22,pushup,150.0,,,,,gform
1,2024-04-22,run,,2400.0,6.0,,,gform
1,2024-04-23,core,150.0,,,,,gform
1,2024-04-23,leg,150.0,,,,,gform
1,2024-04-23,run,,2400.0,6.0,,,gform
1,2024-04-24,core,150.0,,,,,gform
1,2024-04-24,leg,110.0,,,,,gform
1,2024-04-24,pushup,40.0,,,,,gform
1,2024-04-24,run,,2460.0,5.9,,,gform
1,2024-04-25,core,150.0,,,,,gform
1,2024-04-25,pushup,150.0,,,,,gform
1,2024-04-25,run,,2460.0,6.0,,,gform
1,2024-04-26,swim_free,,3600.0,,36.0,,gform
1,2024-04-27,core,150.0,,,,풀업 40kg 150개,gform
1,2024-04-27,pushup,150.0,,,,풀업 40kg 150개,gform
1,2024-04-27,run,,2400.0,5.9,,풀업 40kg 150개,gform
1,2024-04-28,swim_free,,3081.0,,29.0,,gform
1,2024-04-29,core,150.0,,,,,gform
1,2024-04-29,pushup,150.0,,,,,gform
1,2024-04-29,run,,2520.0,6.0,,,gform
1,2024-04-30,swim_free,,3531.0,,35.0,,gform
1,2024-05-02,swim_free,,3597.0,,38.0,,gform
1,2024-05-03,swim_free,,3531.0,,40.0,,gform
1,2024-05-04,core,150.0,,,,,gform
1,2024-05-04,pushup,150.0,,,,,gform
1,2024-05-04,run,,2400.0,5.6,,,gform
1,2024-05-05,core,150.0,,,,갈비뼈 부상,gform
1,2024-05-05,pushup,150.0,,,,갈비뼈 부상,gform
1,2024-05-05,run,,2400.0,5.0,,갈비뼈 부상,gform
1,2024-05-06,core,150.0,,,,갈비뼈 부상,gform
1,2024-05-06,pushup,150.0,,,,갈비뼈 부상,gform
1,2024-05-06,run,,2400.0,5.2,,갈비뼈 부상,gform
1,2024-05-07,core,150.0,,,,,gform
1,2024-05-07,pushup,150.0,,,,,gform
1,2024-05-07,run,,2400.0,6.0,,,gform
1,2024-05-08,core,150.0,,,,,gform
1,2024-05-08,pushup,150.0,,,,,gform
1,2024-05-08,run,,2400.0,5.9,,,gform
1,2024-05-09,core,150.0,,,,,gform
1,2024-05-09,pushup,150.0,,,,,gform
1,2024-05-09,run,,2400.0,5.8,,,gform
1,2024-05-10,core,150.0,,,,,gform
1,2024-05-10,pushup,150.0,,,,,gform
1,2024-05-10,run,,2400.0,5.9,,,gform
1,2024-05-11,core,150.0,,,,,gform
1,2024-05-11,pushup,150.0,,,,,gform
1,2024-05-11,run,,2400.0,5.9,,,gform
1,2024-05-12,swim_free,,2961.0,,23.0,,gform
1,2024-05-13,swim_free,,3540.0,,35.0,,gform
1,2024-05-14,swim_free,,3555.0,,38.0,,gform
1,2024-05-15,core,150.0,,,,,gform
1,2024-05-15,pushup,150.0,,,,,gform
1,2024-05-15,run,,2400.0,5.7,,,gform
1,2024-05-16,swim_free,,3540.0,,40.0,,gform
1,2024-05-17,core,150.0,,,,,gform
1,2024-05-17,pushup,150.0,,,,,gform
1,2024-05-17,run,,2400.0,5.8,,,gform
1,2024-05-18,core,150.0,,,,,gform
1,2024-05-18,pushup,150.0,,,,,gform
1,2024-05-18,run,,2400.0,5.6,,,gform
1,2024-05-19,core,150.0,,,,,gform
1,2024-05-19,pushup,150.0,,,,,gform
1,2024-05-19,run,,2400.0,5.4,,,gform
1,2024-05-20,swim_free,,3540.0,,35.0,,gform
1,2024-05-22,swim_free,,3519.0,,33.0,,gform
1,2024-05-23,core,150.0,,,,,gform
1,2024-05-23,pushup,150.0,,,,,gform
1,2024-05-23,run,,2400.0,5.7,,,gform
1,2024-05-26,swim_free,,3033.0,,29.0,,gform
1,2024-05-27,swim_free,,3600.0,,40.0,,gform
1,2024-05-28,swim_free,,3573.0,,40.0,,gform
1,2024-05-29,swim_free,,3507.0,,35.0,,gform
1,2024-05-30,run,,2220.0,5.0,,배고파서 중단,gform
1,2024-05-31,core,150.0,,,,,gform
1,2024-05-31,pushup,150.0,,,,,gform
1,2024-05-31,run,,2400.0,6.0,,,gform
1,2024-06-01,core,150.0,,,,,gform
1,2024-06-01,pushup,150.0,,,,,gform
1,2024-06-01,run,,2400.0,5.7,,,gform
1,2024-06-02,core,80.0,,,,속이 안 좋아서 중단,gform
1,2024-06-02,pushup,80.0,,,,속이 안 좋아서 중단,gform
1,2024-06-02,run,,2400.0,5.7,,속이 안 좋아서 중단,gform
1,2024-06-03,swim_free,,2433.0,,35.0,,gform
1,2024-06-04,swim_free,,3513.0,,40.0,,gform
1,2024-06-05,core,150.0,,,,,gform
1,2024-06-05,pushup,150.0,,,,,gform
1,2024-06-05,run,,2400.0,5.8,,,gform
1,2024-06-06,run,,2220.0,4.9,,,gform
1,2024-06-07,swim_free,,2667.0,,30.0,,gform
1,2024-06-09,swim_free,,3120.0,,35.0,,gform
1,2024-06-11,swim_free,,3591.0,,39.0,,gform
1,2024-06-12,swim_free,,3597.0,,39.0,,gform
1,2024-06-13,swim_free,,3597.0,,39.0,,gform
1,2024-06-14,swim_free,,2625.0,,27.0,,gform
1,2024-06-16,core,120.0,,,,,gform
1,2024-06-16,pushup,120.0,,,,,gform
1,2024-06-16,run,,2400.0,5.9,,,gform
1,2024-06-17,core,150.0,,,,,gform
1,2024-06-17,pushup,150.0,,,,,gform
1,2024-06-17,run,,2400.0,5.8,,,gform
1,2024-06-18,swim_free,,3525.0,,34.0,,gform
1,2024-06-20,core,150.0,,,,,gform
1,2024-06-20,pushup,150.0,,,,,gform
1,2024-06-20,run,,2400.0,5.5,,,gform
1,2024-06-21,swim_free,,2691.0,,25.0,,gform
1,2024-06-22,core,150.0,,,,,gform
1,2024-06-22,pushup,150.0,,,,,gform
1,2024-06-22,run,,2400.0,5.7,,,gform
1,2024-06-23,swim_free,,2073.0,,23.0,,gform
1,2024-06-24,swim_free,,3600.0,,40.0,,gform
1,2024-06-25,swim_free,,3633.0,,40.0,,gform
1,2024-06-26,swim_free,,3513.0,,38.0,,gform
1,2024-06-27,core,150.0,,,,,gform
1,2024-06-27,pushup,150.0,,,,,gform
1,2024-06-27,run,,2400.0,5.6,,,gform
1,2024-06-28,swim_free,,3405.0,,40.0,,gform
1,2024-06-29,core,150.0,,,,,gform
1,2024-06-29,pushup,150.0,,,,,gform
1,2024-06-29,run,,2400.0,5.6,,,gform
1,2024-06-30,swim_free,,3420.0,,35.0,,gform
1,2024-07-01,core,150.0,,,,,gform
1,2024-07-01,pushup,150.0,,,,,gform
1,2024-07-01,run,,2400.0,5.8,,,gform
1,2024-07-02,core,150.0,,,,,gform
1,2024-07-02,pushup,150.0,,,,,gform
1,2024-07-03,swim_free,,3633.0,,40.0,,gform
1,2024-07-04,core,100.0,,,,,gform
1,2024-07-04,pushup,100.0,,,,,gform
1,2024-07-04,run,,1800.0,4.2,,,gform
1,2024-07-06,core,150.0,,,,,gform
1,2024-07-06,pushup,150.0,,,,,gform
1,2024-07-06,run,,2400.0,5.6,,,gform
1,2024-07-07,swim_free,,3591.0,,38.0,,gform
1,2024-07-08,run,,1680.0,3.8,,배고파,gform
1,2024-07-09,swim_free,,3705.0,,40.0,,gform
1,2024-07-11,swim_free,,3549.0,,40.0,,gform
1,2024-07-12,swim_free,,2409.0,,25.0,,gform
1,2024-07-14,etc,,7200.0,,,롯데 아쿠아슬론 대회,gform
1,2024-07-15,core,150.0,,,,,gform
1,2024-07-15,pushup,150.0,,,,,gform
1,2024-07-15,run,,2400.0,5.8,,,gform
1,2024-07-16,swim_free,,2835.0,,30.0,,gform
1,2024-07-17,core,150.0,,,,,gform
1,2024-07-17,pushup,150.0,,,,,gform
1,2024-07-17,run,,2400.0,6.0,,,gform
1,2024-07-19,swim_free,,3057.0,,31.0,,gform
1,2024-07-20,core,150.0,,,,,gform
1,2024-07-20,pushup,150.0,,,,,gform
1,2024-07-20,run,,2400.0,5.8,,,gform
1,2024-07-21,core,150.0,,,,,gform
1,2024-07-21,pushup,150.0,,,,,gform
1,2024-07-21,run,,2400.0,5.9,,,gform
1,2024-07-22,swim_free,,3579.0,,36.0,,gform
1,2024-07-23,swim_free,,3573.0,,36.0,,gform
1,2024-07-24,core,150.0,,,,,gform
1,2024-07-24,pushup,150.0,,,,,gform
1,2024-07-24,run,,2400.0,5.9,,,gform
1,2024-07-25,swim_free,,3153.0,,32.0,,gform
1,2024-07-26,swim_free,,3420.0,,35.0,,gform
1,2024-07-27,core,150.0,,,,,gform
1,2024-07-27,pushup,150.0,,,,,gform
1,2024-07-27,run,,2400.0,5.8,,,gform
1,2024-07-28,swim_free,,3219.0,,32.0,,gform
1,2024-07-29,core,150.0,,,,,gform
1,2024-07-29,pushup,150.0,,,,,gform
1,2024-07-29,run,,2400.0,6.0,,,gform
1,2024-07-31,swim_free,,3573.0,,40.0,,gform
1,2024-08-01,core,150.0,,,,,gform
1,2024-08-01,pushup,150.0,,,,,gform
1,2024-08-01,run,,2400.0,6.0,,,gform
1,2024-08-05,core,150.0,,,,마닐라 콘도 Gym,gform
1,2024-08-05,pushup,150.0,,,,마닐라 콘도 Gym,gform
1,2024-08-05,run,,2400.0,6.0,,마닐라 콘도 Gym,gform
1,2024-08-08,run,,3600.0,,,세부 해변 조깅,gform
1,2024-08-10,swim_free,,3600.0,,,보라카이 해변 4번 왕복,gform
1,2024-08-11,swim_free,,3600.0,,,보라카이 해변 6번 왕복,gform
1,2024-08-14,swim_free,,2400.0,,24.0,Avida 수영장,gform
1,2024-08-15,run,,2400.0,3.0,,"Avida 수영장, 위점프",gform
1,2024-08-15,swim_free,,2400.0,,20.0,"Avida 수영장, 위점프",gform
1,2024-08-18,core,150.0,,,,,gform
1,2024-08-18,pushup,150.0,,,,,gform
1,2024-08-18,run,,2400.0,5.8,,,gform
1,2024-08-19,core,40.0,,,,,gform
1,2024-08-19,pushup,40.0,,,,,gform
1,2024-08-19,run,,1800.0,4.0,,,gform
1,2024-08-20,swim_free,,2025.0,,20.0,,gform
1,2024-08-21,core,200.0,,,,,gform
1,2024-08-21,pushup,200.0,,,,,gform
1,2024-08-22,core,100.0,,,,,gform
1,2024-08-22,pushup,100.0,,,,,gform
1,2024-08-23,swim_free,,3741.0,,40.0,,gform
1,2024-08-24,run,,3600.0,,,배민,gform
1,2024-08-25,swim_free,,3057.0,,28.0,,gform
1,2024-08-26,core,200.0,,,,,gform
1,2024-08-26,pushup,200.0,,,,,gform
1,2024-08-26,run,,1200.0,2.8,,,gform
1,2024-08-27,swim_free,,2400.0,,24.0,,gform
1,2024-08-29,swim_free,,3507.0,,40.0,,gform
1,2024-08-31,core,200.0,,,,,gform
1,2024-08-31,pushup,200.0,,,,,gform
1,2024-08-31,run,,1800.0,4.5,,,gform
1,2024-09-01,swim_free,,3300.0,,37.0,,gform
1,2024-09-02,core,200.0,,,,,gform
1,2024-09-02,pushup,200.0,,,,,gform
1,2024-09-02,run,,1800.0,4.5,,,gform
1,2024-09-03,swim_free,,3531.0,,36.0,,gform
1,2024-09-04,core,160.0,,,,,gform
1,2024-09-04,pushup,160.0,,,,,gform
1,2024-09-04,run,,900.0,2.25,,,gform
1,2024-09-05,swim_free,,3120.0,,30.0,,gform
1,2024-09-07,core,200.0,,,,,gform
1,2024-09-07,pushup,200.0,,,,,gform
1,2024-09-07,run,,1800.0,4.5,,,gform
1,2024-09-09,core,200.0,,,,,gform
1,2024-09-09,pushup,200.0,,,,,gform
1,2024-09-09,run,,1800.0,4.3,,,gform
1,2024-09-10,swim_free,,3633.0,,38.0,,gform
1,2024-09-11,core,200.0,,,,,gform
1,2024-09-11,pushup,200.0,,,,,gform
1,2024-09-11,run,,1800.0,4.5,,,gform
1,2024-09-12,swim_free,,3489.0,,40.0,,gform
1,2024-09-13,swim_free,,3480.0,,35.0,,gform
1,2024-09-14,core,200.0,,,,,gform
1,2024-09-14,pushup,200.0,,,,,gform
1,2024-09-14,run,,1800.0,4.3,,,gform
1,2024-09-19,core,200.0,,,,,gform
1,2024-09-19,pushup,200.0,,,,,gform
1,2024-09-19,run,,1800.0,4.2,,,gform
1,2024-09-21,core,200.0,,,,,gform
1,2024-09-21,pushup,200.0,,,,,gform
1,2024-09-21,run,,1800.0,4.3,,,gform
1,2024-09-22,swim_free,,3417.0,,35.0,,gform
1,2024-09-23,core,200.0,,,,,gform
1,2024-09-23,pushup,200.0,,,,,gform
1,2024-09-23,run,,1800.0,4.5,,,gform
1,2024-09-26,core,140.0,,,,,gform
1,2024-09-26,pushup,140.0,,,,,gform
1,2024-09-26,run,,1800.0,4.4,,,gform
1,2024-09-29,etc,,7200.0,,,익산 아쿠아톤 대회,gform
1,2024-09-30,core,200.0,,,,,gform
1,2024-09-30,pushup,200.0,,,,,gform
1,2024-09-30,run,,1800.0,4.5,,,gform
1,2024-10-01,core,200.0,,,,Pull-up 무게 변경 : 40kg > 35kg,gform
1,2024-10-01,pushup,200.0,,,,Pull-up 무게 변경 : 40kg > 35kg,gform
1,2024-10-01,run,,1800.0,4.5,,Pull-up 무게 변경 : 40kg > 35kg,gform
1,2024-10-02,swim_free,,3507.0,,38.0,,gform
1,2024-10-03,etc,,3600.0,,,김제 지평선 마라톤,gform
1,2024-10-03,run,,3720.0,10.0,,김제 지평선 마라톤,gform
1,2024-10-04,swim_free,,3477.0,,37.0,,gform
1,2024-10-07,core,200.0,,,,,gform
1,2024-10-07,pushup,200.0,,,,,gform
1,2024-10-07,run,,1800.0,4.3,,,gform
1,2024-10-08,core,100.0,,,,,gform
1,2024-10-08,pushup,100.0,,,,,gform
1,2024-10-08,run,,1800.0,4.5,,,gform
1,2024-10-09,core,200.0,,,,,gform
1,2024-10-09,pushup,200.0,,,,,gform
1,2024-10-09,run,,1800.0,4.5,,,gform
1,2024-10-10,core,200.0,,,,인화원 짐,gform
1,2024-10-10,pushup,200.0,,,,인화원 짐,gform
1,2024-10-10,run,,1800.0,4.5,,인화원 짐,gform
1,2024-10-14,core,200.0,,,,두 손 모아 푸시업,gform
1,2024-10-14,pushup,170.0,,,,두 손 모아 푸시업,gform
1,2024-10-14,run,,1800.0,4.3,,두 손 모아 푸시업,gform
1,2024-10-18,core,200.0,,,,,gform
1,2024-10-18,pushup,200.0,,,,,gform
1,2024-10-18,run,,1800.0,4.5,,,gform
1,2024-10-19,core,200.0,,,,독감주사,gform
1,2024-10-19,leg,200.0,,,,독감주사,gform
1,2024-10-19,run,,1800.0,4.5,,독감주사,gform
1,2024-10-20,core,200.0,,,,,gform
1,2024-10-20,pushup,200.0,,,,,gform
1,2024-10-20,run,,1800.0,4.5,,,gform
1,2024-10-21,core,200.0,,,,오전 반반차,gform
1,2024-10-21,pushup,200.0,,,,오전 반반차,gform
1,2024-10-21,run,,1800.0,4.5,,오전 반반차,gform
1,2024-10-22,core,200.0,,,,인화원,gform
1,2024-10-22,pushup,200.0,,,,인화원,gform
1,2024-10-22,run,,1800.0,4.5,,인화원,gform
1,2024-10-23,core,200.0,,,,인화원,gform
1,2024-10-23,pushup,200.0,,,,인화원,gform
1,2024-10-23,run,,1800.0,4.5,,인화원,gform
1,2024-10-25,core,200.0,,,,,gform
1,2024-10-25,pushup,200.0,,,,,gform
1,2024-10-25,run,,1800.0,4.5,,,gform
1,2024-10-26,core,200.0,,,,,gform
1,2024-10-26,pushup,200.0,,,,,gform
1,2024-10-26,run,,1800.0,4.5,,,gform
1,2024-10-27,core,200.0,,,,,gform
1,2024-10-27,pushup,200.0,,,,,gform
1,2024-10-27,run,,1800.0,4.5,,,gform
1,2024-10-28,core,200.0,,,,,gform
1,2024-10-28,leg,200.0,,,,,gform
1,2024-10-28,pushup,10.0,,,,,gform
1,2024-10-28,run,,1800.0,4.3,,,gform
1,2024-10-29,swim_free,,3639.0,,37.0,,gform
1,2024-10-30,core,200.0,,,,,gform
1,2024-10-30,leg,140.0,,,,,gform
1,2024-10-30,pushup,60.0,,,,,gform
1,2024-10-30,run,,1800.0,4.2,,,gform
1,2024-10-31,swim_free,,3561.0,,37.0,,gform
1,2024-11-01,swim_free,,3555.0,,40.0,,gform
1,2024-11-02,core,200.0,,,,,gform
1,2024-11-02,leg,100.0,,,,,gform
1,2024-11-02,pushup,100.0,,,,,gform
1,2024-11-02,run,,1800.0,4.4,,,gform
1,2024-11-03,core,200.0,,,,,gform
1,2024-11-03,pushup,200.0,,,,,gform
1,2024-11-03,run,,1800.0,4.4,,,gform
1,2024-11-04,core,200.0,,,,,gform
1,2024-11-04,pushup,200.0,,,,,gform
1,2024-11-04,run,,1860.0,4.0,,,gform
1,2024-11-05,core,200.0,,,,,gform
1,2024-11-05,pushup,200.0,,,,,gform
1,2024-11-05,run,,1800.0,4.4,,,gform
1,2024-11-06,core,200.0,,,,,gform
1,2024-11-06,pushup,200.0,,,,,gform
1,2024-11-06,run,,1800.0,4.5,,,gform
1,2024-11-07,core,200.0,,,,Pull-up 30kg,gform
1,2024-11-07,pushup,200.0,,,,Pull-up 30kg,gform
1,2024-11-08,core,200.0,,,,풀업 35kg,gform
1,2024-11-08,pushup,200.0,,,,풀업 35kg,gform
1,2024-11-08,run,,1800.0,4.5,,풀업 35kg,gform
1,2024-11-09,core,200.0,,,,,gform
1,2024-11-09,pushup,200.0,,,,,gform
1,2024-11-09,run,,1800.0,4.3,,,gform
1,2024-11-10,core,200.0,,,,,gform
1,2024-11-10,pushup,200.0,,,,,gform
1,2024-11-10,run,,1800.0,4.0,,,gform
1,2024-11-11,core,100.0,,,,,gform
1,2024-11-11,pushup,100.0,,,,,gform
1,2024-11-11,run,,1920.0,4.8,,,gform
1,2024-11-13,core,200.0,,,,,gform
1,2024-11-13,pushup,200.0,,,,,gform
1,2024-11-13,run,,1800.0,4.5,,,gform
1,2024-11-14,core,200.0,,,,,gform
1,2024-11-14,pushup,200.0,,,,,gform
1,2024-11-14,run,,1800.0,4.1,,,gform
1,2024-11-15,core,200.0,,,,,gform
1,2024-11-15,pushup,200.0,,,,,gform
1,2024-11-15,run,,1800.0,4.5,,,gform
1,2024-11-16,core,200.0,,,,,gform
1,2024-11-16,pushup,200.0,,,,,gform
1,2024-11-16,run,,1800.0,4.0,,,gform
1,2024-11-17,core,200.0,,,,"복통, 뛰다가 중단, 거실에서 푸시업",gform
1,2024-11-17,pushup,200.0,,,,"복통, 뛰다가 중단, 거실에서 푸시업",gform
1,2024-11-17,run,,360.0,0.9,,"복통, 뛰다가 중단, 거실에서 푸시업",gform
1,2024-11-19,core,200.0,,,,,gform
1,2024-11-19,pushup,200.0,,,,,gform
1,2024-11-19,run,,1800.0,4.5,,,gform
1,2024-11-20,core,200.0,,,,,gform
1,2024-11-20,pushup,200.0,,,,,gform
1,2024-11-20,run,,1800.0,4.5,,,gform
1,2024-11-21,core,200.0,,,,,gform
1,2024-11-21,pushup,200.0,,,,,gform
1,2024-11-21,run,,1800.0,4.2,,,gform
1,2024-11-22,core,200.0,,,,,gform
1,2024-11-22,pushup,200.0,,,,,gform
1,2024-11-22,run,,1800.0,4.2,,,gform
1,2024-11-23,core,200.0,,,,,gform
1,2024-11-23,pushup,200.0,,,,,gform
1,2024-11-23,run,,1800.0,4.2,,,gform
1,2024-11-24,core,200.0,,,,,gform
1,2024-11-24,pushup,200.0,,,,,gform
1,2024-11-24,run,,1800.0,4.3,,,gform
1,2024-11-25,core,200.0,,,,,gform
1,2024-11-25,pushup,200.0,,,,,gform
1,2024-11-25,run,,1800.0,4.1,,,gform
1,2024-11-26,core,200.0,,,,,gform
1,2024-11-26,pushup,200.0,,,,,gform
1,2024-11-26,run,,1860.0,4.4,,,gform
1,2024-11-28,core,200.0,,,,,gform
1,2024-11-28,pushup,200.0,,,,,gform
1,2024-11-28,run,,1800.0,4.5,,,gform
1,2024-11-29,core,200.0,,,,풀업 30kg,gform
1,2024-11-29,pushup,200.0,,,,풀업 30kg,gform
1,2024-11-29,run,,1800.0,4.6,,풀업 30kg,gform
1,2024-11-30,core,200.0,,,,,gform
1,2024-11-30,pushup,200.0,,,,,gform
1,2024-11-30,run,,1800.0,4.3,,,gform
1,2024-12-01,core,200.0,,,,,gform
1,2024-12-01,pushup,200.0,,,,,gform
1,2024-12-01,run,,1800.0,4.1,,,gform
1,2024-12-02,core,200.0,,,,,gform
1,2024-12-02,pushup,200.0,,,,,gform
1,2024-12-02,run,,1800.0,4.3,,,gform
1,2024-12-03,core,200.0,,,,,gform
1,2024-12-03,pushup,200.0,,,,,gform
1,2024-12-03,run,,1800.0,4.5,,,gform
1,2024-12-04,core,200.0,,,,,gform
1,2024-12-04,pushup,200.0,,,,,gform
1,2024-12-04,run,,1800.0,4.5,,,gform
1,2024-12-06,core,200.0,,,,,gform
1,2024-12-06,pushup,200.0,,,,,gform
1,2024-12-06,run,,1800.0,4.5,,,gform
1,2024-12-07,core,200.0,,,,,gform
1,2024-12-07,pushup,200.0,,,,,gform
1,2024-12-07,run,,1800.0,4.5,,,gform
1,2024-12-08,core,200.0,,,,,gform
1,2024-12-08,pushup,200.0,,,,,gform
1,2024-12-08,run,,1800.0,4.5,,,gform
1,2024-12-09,core,200.0,,,,,gform
1,2024-12-09,pushup,200.0,,,,,gform
1,2024-12-09,run,,1800.0,4.4,,,gform
1,2024-12-10,core,200.0,,,,,gform
1,2024-12-10,pushup,200.0,,,,,gform
1,2024-12-10,run,,1800.0,4.5,,,gform
1,2024-12-11,core,200.0,,,,,gform
1,2024-12-11,pushup,200.0,,,,,gform
1,2024-12-11,run,,1800.0,4.5,,,gform
1,2024-12-12,core,200.0,,,,,gform
1,2024-12-12,pushup,200.0,,,,,gform
1,2024-12-12,run,,1800.0,4.5,,,gform
1,2024-12-13,core,200.0,,,,,gform
1,2024-12-13,pushup,200.0,,,,,gform
1,2024-12-13,run,,1800.0,4.5,,,gform
1,2024-12-14,core,200.0,,,,,gform
1,2024-12-14,pushup,200.0,,,,,gform
1,2024-12-14,run,,1800.0,4.5,,,gform
1,2024-12-15,core,200.0,,,,,gform
1,2024-12-15,pushup,200.0,,,,,gform
1,2024-12-15,run,,1800.0,4.2,,,gform
1,2024-12-16,core,200.0,,,,,gform
1,2024-12-16,pushup,200.0,,,,,gform
1,2024-12-16,run,,1800.0,4.4,,,gform
1,2024-12-17,core,200.0,,,,,gform
1,2024-12-17,pushup,200.0,,,,,gform
1,2024-12-17,run,,1800.0,4.0,,,gform
1,2024-12-18,core,200.0,,,,,gform
1,2024-12-18,pushup,200.0,,,,,gform
1,2024-12-18,run,,1800.0,4.3,,,gform
1,2024-12-19,core,200.0,,,,집에서 맨몸,gform
1,2024-12-19,pushup,200.0,,,,집에서 맨몸,gform
1,2024-12-20,core,200.0,,,,,gform
1,2024-12-20,pushup,200.0,,,,,gform
1,2024-12-20,run,,1860.0,4.5,,,gform
1,2024-12-21,core,200.0,,,,팔 무리해서 생략,gform
1,2024-12-21,run,,2460.0,6.3,,팔 무리해서 생략,gform
1,2024-12-22,core,200.0,,,,팔 무리해서 생략,gform
1,2024-12-22,leg,200.0,,,,팔 무리해서 생략,gform
1,2024-12-22,run,,2400.0,6.0,,팔 무리해서 생략,gform
1,2024-12-23,core,200.0,,,,,gform
1,2024-12-23,pushup,200.0,,,,,gform
1,2024-12-23,run,,1800.0,4.4,,,gform
1,2024-12-24,core,200.0,,,,,gform
1,2024-12-24,pushup,200.0,,,,,gform
1,2024-12-24,run,,1800.0,4.5,,,gform
1,2024-12-25,core,200.0,,,,,gform
1,2024-12-25,pushup,200.0,,,,,gform
1,2024-12-25,run,,1800.0,4.5,,,gform
1,2024-12-26,core,200.0,,,,,gform
1,2024-12-26,pushup,200.0,,,,,gform
1,2024-12-26,run,,1800.0,4.5,,,gform
1,2024-12-27,run,,1800.0,4.0,,뛰다가 배고파,gform
1,2024-12-28,core,200.0,,,,,gform
1,2024-12-28,pushup,200.0,,,,,gform
1,2024-12-28,run,,1800.0,4.4,,,gform
1,2024-12-29,core,200.0,,,,,gform
1,2024-12-29,pushup,200.0,,,,,gform
1,2024-12-29,run,,1800.0,4.5,,,gform
1,2024-12-30,core,200.0,,,,,gform
1,2024-12-30,pushup,200.0,,,,,gform
1,2024-12-30,run,,1800.0,4.2,,,gform
1,2024-12-31,core,200.0,,,,,gform
1,2024-12-31,pushup,200.0,,,,,gform
1,2024-12-31,run,,1800.0,4.5,,,gform
1,2025-01-01,core,200.0,,,,,gform
1,2025-01-01,pushup,200.0,,,,,gform
1,2025-01-01,run,,1800.0,4.3,,,gform
1,2025-01-02,core,200.0,,,,,gform
1,2025-01-02,pushup,200.0,,,,,gform
1,2025-01-02,run,,1800.0,4.4,,,gform
1,2025-01-03,core,200.0,,,,,gform
1,2025-01-03,pushup,200.0,,,,,gform
1,2025-01-03,run,,1320.0,3.3,,,gform
1,2025-01-04,core,200.0,,,,,gform
1,2025-01-04,pushup,200.0,,,,,gform
1,2025-01-04,run,,1800.0,4.3,,,gform
1,2025-01-05,core,200.0,,,,턱걸이 25kg,gform
1,2025-01-05,pushup,200.0,,,,턱걸이 25kg,gform
1,2025-01-05,run,,1800.0,4.1,,턱걸이 25kg,gform
1,2025-01-06,core,200.0,,,,,gform
1,2025-01-06,leg,200.0,,,,,gform
1,2025-01-06,pushup,200.0,,,,,gform
1,2025-01-06,run,,1800.0,4.1,,,gform
1,2025-01-07,core,200.0,,,,,gform
1,2025-01-07,leg,200.0,,,,,gform
1,2025-01-07,pushup,200.0,,,,,gform
1,2025-01-07,run,,1800.0,4.0,,,gform
1,2025-01-08,core,200.0,,,,,gform
1,2025-01-08,leg,200.0,,,,,gform
1,2025-01-08,pushup,200.0,,,,,gform
1,2025-01-08,run,,1800.0,4.0,,,gform
1,2025-01-09,core,200.0,,,,,gform
1,2025-01-09,leg,200.0,,,,,gform
1,2025-01-09,pushup,200.0,,,,,gform
1,2025-01-09,run,,1800.0,4.0,,,gform
1,2025-01-10,core,200.0,,,,,gform
1,2025-01-10,leg,200.0,,,,,gform
1,2025-01-10,pushup,200.0,,,,,gform
1,2025-01-10,run,,1800.0,4.2,,,gform
1,2025-01-11,core,200.0,,,,,gform
1,2025-01-11,leg,200.0,,,,,gform
1,2025-01-11,pushup,200.0,,,,,gform
1,2025-01-11,run,,1800.0,4.0,,,gform
1,2025-01-12,run,,1800.0,3.8,,배고파서 중단,gform
1,2025-01-13,core,200.0,,,,체력이 떨어져서 못 뛰겠음,gform
1,2025-01-13,leg,200.0,,,,체력이 떨어져서 못 뛰겠음,gform
1,2025-01-13,pushup,200.0,,,,체력이 떨어져서 못 뛰겠음,gform
1,2025-01-13,run,,1800.0,3.4,,체력이 떨어져서 못 뛰겠음,gform
1,2025-01-14,core,200.0,,,,,gform
1,2025-01-14,leg,200.0,,,,,gform
1,2025-01-14,pushup,200.0,,,,,gform
1,2025-01-14,run,,1800.0,4.4,,,gform
1,2025-01-15,core,200.0,,,,,gform
1,2025-01-15,leg,200.0,,,,,gform
1,2025-01-15,pushup,200.0,,,,,gform
1,2025-01-15,run,,1800.0,4.2,,,gform
1,2025-01-17,core,200.0,,,,,gform
1,2025-01-17,leg,200.0,,,,,gform
1,2025-01-17,pushup,200.0,,,,,gform
1,2025-01-17,run,,1800.0,4.3,,,gform
1,2025-01-18,core,200.0,,,,,gform
1,2025-01-18,leg,200.0,,,,,gform
1,2025-01-18,pushup,200.0,,,,,gform
1,2025-01-18,run,,1800.0,4.0,,,gform
1,2025-01-19,core,200.0,,,,,gform
1,2025-01-19,leg,200.0,,,,,gform
1,2025-01-19,pushup,200.0,,,,,gform
1,2025-01-19,run,,1800.0,4.3,,,gform
1,2025-01-27,core,200.0,,,,7일 쉬고 첫 운동,gform
1,2025-01-27,leg,200.0,,,,7일 쉬고 첫 운동,gform
1,2025-01-27,pushup,200.0,,,,7일 쉬고 첫 운동,gform
1,2025-01-27,run,,1800.0,4.5,,7일 쉬고 첫 운동,gform
1,2025-01-28,core,200.0,,,,,gform
1,2025-01-28,leg,200.0,,,,,gform
1,2025-01-28,pushup,200.0,,,,,gform
1,2025-01-28,run,,1800.0,4.5,,,gform
1,2025-01-30,core,200.0,,,,울산 본가에서,gform
1,2025-01-30,leg,200.0,,,,울산 본가에서,gform
1,2025-01-30,pushup,200.0,,,,울산 본가에서,gform
1,2025-02-01,core,100.0,,,,곤지암,gform
1,2025-02-01,pushup,200.0,,,,곤지암,gform
1,2025-02-01,run,,1800.0,4.3,,곤지암,gform
1,2025-02-03,core,200.0,,,,설연휴 후 첫 유산소,gform
1,2025-02-03,leg,200.0,,,,설연휴 후 첫 유산소,gform
1,2025-02-03,pushup,200.0,,,,설연휴 후 첫 유산소,gform
1,2025-02-03,run,,1860.0,4.5,,설연휴 후 첫 유산소,gform
1,2025-02-05,core,160.0,,,,집에서 맨몸으로,gform
1,2025-02-05,leg,120.0,,,,집에서 맨몸으로,gform
1,2025-02-05,pushup,160.0,,,,집에서 맨몸으로,gform
1,2025-02-06,core,200.0,,,,홈트,gform
1,2025-02-06,leg,70.0,,,,홈트,gform
1,2025-02-06,pushup,200.0,,,,홈트,gform
1,2025-02-07,core,140.0,,,,,gform
1,2025-02-07,leg,10.0,,,,,gform
1,2025-02-07,pushup,140.0,,,,,gform
1,2025-02-09,core,200.0,,,,베란다 사이클,gform
1,2025-02-09,cycling,,3600.0,,,베란다 사이클,gform
1,2025-02-09,pushup,200.0,,,,베란다 사이클,gform
1,2025-02-10,core,200.0,,,,,gform
1,2025-02-10,pushup,200.0,,,,,gform
1,2025-02-11,core,200.0,,,,,gform
1,2025-02-11,pushup,200.0,,,,,gform
1,2025-02-12,core,200.0,,,,,gform
1,2025-02-12,pushup,200.0,,,,,gform
1,2025-02-13,core,200.0,,,,아침 20분 남짓,gform
1,2025-02-13,pushup,200.0,,,,아침 20분 남짓,gform
1,2025-02-14,pushup,100.0,,,,,gform
1,2025-02-16,core,200.0,,,,자전거,gform
1,2025-02-16,cycling,,3000.0,,,자전거,gform
1,2025-02-16,pushup,220.0,,,,자전거,gform
1,2025-02-17,core,200.0,,,,자전거,gform
1,2025-02-17,cycling,,2400.0,,,자전거,gform
1,2025-02-17,pushup,200.0,,,,자전거,gform
1,2025-02-18,pushup,140.0,,,,,gform
1,2025-02-19,core,220.0,,,,,gform
1,2025-02-19,pushup,200.0,,,,,gform
1,2025-02-20,core,200.0,,,,사이클,gform
1,2025-02-20,cycling,,1200.0,,,사이클,gform
1,2025-02-20,pushup,200.0,,,,사이클,gform
1,2025-02-21,core,200.0,,,,,gform
1,2025-02-21,pushup,200.0,,,,,gform
1,2025-02-23,core,260.0,,,,,gform
1,2025-02-23,pushup,60.0,,,,,gform
1,2025-02-24,core,250.0,,,,,gform
1,2025-02-24,pushup,200.0,,,,,gform
1,2025-02-25,core,260.0,,,,,gform
1,2025-02-25,pushup,210.0,,,,,gform
1,2025-02-26,pushup,200.0,,,,,gform
1,2025-02-28,core,300.0,,,,,gform
1,2025-02-28,pushup,200.0,,,,,gform
1,2025-03-02,core,140.0,,,,,gform
1,2025-03-02,leg,140.0,,,,,gform
1,2025-03-02,pushup,140.0,,,,,gform
1,2025-03-02,run,,3000.0,7.1,,,gform
1,2025-03-03,core,200.0,,,,,gform
1,2025-03-03,leg,200.0,,,,,gform
1,2025-03-03,pushup,200.0,,,,,gform
1,2025-03-03,run,,3000.0,7.0,,,gform
1,2025-03-04,core,200.0,,,,,gform
1,2025-03-04,pushup,200.0,,,,,gform
1,2025-03-05,core,120.0,,,,,gform
1,2025-03-05,pushup,200.0,,,,,gform
1,2025-03-07,core,200.0,,,,,gform
1,2025-03-07,pushup,200.0,,,,,gform
1,2025-03-09,run,,6840.0,16.2,,,gform
1,2025-03-10,core,200.0,,,,,gform
1,2025-03-12,core,40.0,,,,,gform
1,2025-03-12,pushup,200.0,,,,,gform
1,2025-03-17,core,250.0,,,,,gform
1,2025-03-17,pushup,250.0,,,,,gform
1,2025-03-18,core,150.0,,,,,gform
1,2025-03-18,pushup,110.0,,,,,gform
1,2025-03-19,core,100.0,,,,,gform
1,2025-03-19,pushup,50.0,,,,,gform
1,2025-03-20,core,70.0,,,,,gform
1,2025-03-20,pushup,70.0,,,,,gform
1,2025-03-23,run,,6960.0,15.6,,총 4회 나눴음 = 4.7km / 27분 + 3.7km / 27분 + 3.7km / 37분 + 3.5km / 25분,gform
1,2025-03-24,run,,1800.0,4.0,,,gform
1,2025-03-25,core,220.0,,,,,gform
1,2025-03-25,pushup,200.0,,,,,gform
1,2025-03-30,core,400.0,,,,,gform
1,2025-03-30,leg,350.0,,,,,gform
1,2025-03-30,pushup,50.0,,,,,gform
1,2025-03-30,run,,3600.0,7.1,,,gform
1,2025-04-01,core,200.0,,,,,gform
1,2025-04-01,leg,200.0,,,,,gform
1,2025-04-01,pushup,200.0,,,,,gform
1,2025-04-01,run,,480.0,1.2,,,gform
1,2025-04-06,core,200.0,,,,,gform
1,2025-04-06,leg,200.0,,,,,gform
1,2025-04-06,pushup,200.0,,,,,gform
1,2025-04-06,run,,2760.0,6.0,,,gform
1,2025-04-11,core,200.0,,,,,gform
1,2025-04-11,leg,200.0,,,,,gform
1,2025-04-11,pushup,200.0,,,,,gform
1,2025-04-11,run,,2400.0,5.2,,,gform
1,2025-04-12,run,,1800.0,3.4,,,gform
1,2025-04-13,core,200.0,,,,,gform
1,2025-04-13,leg,200.0,,,,,gform
1,2025-04-13,pushup,200.0,,,,,gform
1,2025-04-13,run,,1800.0,3.6,,,gform
1,2025-04-15,pushup,100.0,,,,,gform
1,2025-04-22,core,200.0,,,,,gform
1,2025-04-22,leg,200.0,,,,,gform
1,2025-04-22,pushup,200.0,,,,,gform
1,2025-04-22,run,,2520.0,5.7,,,gform
1,2025-04-24,core,40.0,,,,,gform
1,2025-04-24,leg,40.0,,,,,gform
1,2025-04-24,pushup,40.0,,,,,gform
1,2025-04-24,run,,2640.0,6.0,,,gform
1,2025-04-25,core,85.0,,,,,gform
1,2025-04-25,pushup,100.0,,,,,gform
1,2025-04-26,core,250.0,,,,,gform
1,2025-04-26,leg,300.0,,,,,gform
1,2025-04-26,pushup,200.0,,,,,gform
1,2025-04-26,run,,1800.0,3.7,,,gform
1,2025-04-27,core,200.0,,,,,gform
1,2025-04-27,leg,200.0,,,,,gform
1,2025-04-27,pushup,200.0,,,,,gform
1,2025-04-27,run,,3180.0,7.0,,,gform
1,2025-04-28,pushup,120.0,,,,,gform
1,2025-04-30,core,40.0,,,,,gform
1,2025-04-30,pushup,80.0,,,,,gform
1,2025-05-01,core,200.0,,,,,gform
1,2025-05-01,leg,200.0,,,,,gform
1,2025-05-01,pushup,200.0,,,,,gform
1,2025-05-01,run,,1440.0,3.0,,,gform
1,2025-05-04,core,200.0,,,,,gform
1,2025-05-04,leg,200.0,,,,,gform
1,2025-05-04,pushup,200.0,,,,,gform
1,2025-05-04,run,,1380.0,3.0,,,gform
1,2025-05-05,core,200.0,,,,,gform
1,2025-05-05,leg,200.0,,,,,gform
1,2025-05-05,pushup,200.0,,,,,gform
1,2025-05-05,run,,1920.0,4.1,,,gform
1,2025-05-07,core,70.0,,,,,gform
1,2025-05-07,pushup,120.0,,,,,gform
1,2025-05-08,core,100.0,,,,,gform
1,2025-05-08,leg,100.0,,,,,gform
1,2025-05-08,pushup,100.0,,,,,gform
1,2025-05-08,run,,1440.0,3.1,,,gform
1,2025-05-09,core,100.0,,,,,gform
1,2025-05-09,leg,60.0,,,,,gform
1,2025-05-09,pushup,80.0,,,,,gform
1,2025-05-09,run,,2160.0,4.5,,,gform
1,2025-05-11,core,70.0,,,,,gform
1,2025-05-11,leg,40.0,,,,,gform
1,2025-05-11,pushup,50.0,,,,,gform
1,2025-05-11,run,,1800.0,3.7,,,gform
1,2025-05-16,core,200.0,,,,,gform
1,2025-05-16,leg,200.0,,,,,gform
1,2025-05-16,pushup,200.0,,,,,gform
1,2025-05-16,run,,1320.0,3.0,,,gform
1,2025-05-18,core,100.0,,,,,gform
1,2025-05-18,leg,100.0,,,,,gform
1,2025-05-18,pushup,100.0,,,,,gform
1,2025-05-18,run,,3600.0,7.9,,,gform
1,2025-05-19,core,20.0,,,,,gform
1,2025-05-19,pushup,40.0,,,,,gform
1,2025-05-24,core,70.0,,,,LLM 강의가 있는 토요일 중 처음으로 운동했음,gform
1,2025-05-24,pushup,200.0,,,,LLM 강의가 있는 토요일 중 처음으로 운동했음,gform
1,2025-05-25,run,,3600.0,7.8,,,gform
1,2025-05-26,run,,1800.0,4.0,,,gform
1,2025-05-27,pushup,100.0,,,,,gform
1,2025-05-28,pushup,140.0,,,,,gform
1,2025-05-29,core,50.0,,,,,gform
1,2025-05-29,pushup,160.0,,,,,gform
1,2025-06-01,run,,3600.0,7.3,,,gform
1,2025-06-02,run,,1800.0,3.9,,,gform
1,2025-06-03,run,,3600.0,7.5,,,gform
1,2025-06-06,core,100.0,,,,,gform
1,2025-06-06,leg,100.0,,,,,gform
1,2025-06-06,pushup,100.0,,,,,gform
1,2025-06-06,run,,3600.0,8.2,,,gform
1,2025-06-07,core,200.0,,,,,gform
1,2025-06-07,leg,200.0,,,,,gform
1,2025-06-07,pushup,200.0,,,,,gform
1,2025-06-07,run,,2040.0,4.4,,,gform
1,2025-06-08,core,170.0,,,,,gform
1,2025-06-08,leg,200.0,,,,,gform
1,2025-06-08,pushup,170.0,,,,,gform
1,2025-06-08,run,,2340.0,5.1,,,gform
1,2025-06-09,core,50.0,,,,,gform
1,2025-06-09,pushup,40.0,,,,,gform
1,2025-06-11,pushup,190.0,,,,,gform
1,2025-06-13,pushup,50.0,,,,,gform
1,2025-06-14,core,70.0,,,,,gform
1,2025-06-14,pushup,180.0,,,,,gform
1,2025-06-22,core,100.0,,,,,gform
1,2025-06-22,leg,100.0,,,,,gform
1,2025-06-22,pushup,100.0,,,,,gform
1,2025-06-22,run,,1800.0,4.0,,,gform
1,2025-06-23,core,80.0,,,,,gform
1,2025-06-23,leg,80.0,,,,,gform
1,2025-06-23,pushup,80.0,,,,,gform
1,2025-06-23,run,,1320.0,3.0,,,gform
1,2025-06-24,core,10.0,,,,,gform
1,2025-06-24,pushup,105.0,,,,,gform
1,2025-06-25,pushup,40.0,,,,,gform
1,2025-06-26,pushup,110.0,,,,,gform
1,2025-06-27,pushup,200.0,,,,,gform
1,2025-06-28,pushup,200.0,,,,,gform
1,2025-06-30,core,100.0,,,,,gform
1,2025-06-30,pushup,240.0,,,,,gform
1,2025-07-01,pushup,40.0,,,,,gform
1,2025-07-04,pushup,70.0,,,,,gform
1,2025-07-05,core,65.0,,,,,gform
1,2025-07-05,pushup,200.0,,,,,gform
1,2025-07-06,core,150.0,,,,,gform
1,2025-07-06,leg,200.0,,,,,gform
1,2025-07-06,pushup,150.0,,,,,gform
1,2025-07-06,run,,1500.0,3.1,,,gform
1,2025-07-07,core,40.0,,,,,gform
1,2025-07-07,leg,40.0,,,,,gform
1,2025-07-07,pushup,40.0,,,,,gform
1,2025-07-07,run,,1440.0,3.0,,,gform
1,2025-07-09,core,100.0,,,,,gform
1,2025-07-09,pushup,200.0,,,,,gform
1,2025-07-10,pushup,40.0,,,,,gform
1,2025-07-11,pushup,50.0,,,,,gform
1,2025-07-12,core,160.0,,,,,gform
1,2025-07-12,pushup,180.0,,,,,gform
1,2025-07-13,swim_free,,1440.0,,13.5,24년11월 이후 8개월만에 수영했음,gform
1,2025-07-14,core,140.0,,,,,gform
1,2025-07-14,pushup,200.0,,,,,gform
1,2025-07-19,core,200.0,,,,,gform
1,2025-07-19,pushup,100.0,,,,,gform
1,2025-07-27,core,200.0,,,,,gform
1,2025-07-27,core,50.0,,,,일요일 아침 저녁 운동 2회 했음,gform
1,2025-07-27,leg,200.0,,,,,gform
1,2025-07-27,pushup,100.0,,,,,gform
1,2025-07-27,pushup,100.0,,,,일요일 아침 저녁 운동 2회 했음,gform
1,2025-07-27,run,,1500.0,3.2,,,gform
1,2025-07-27,run,,2040.0,4.3,,일요일 아침 저녁 운동 2회 했음,gform
1,2025-07-28,core,100.0,,,,,gform
1,2025-07-28,pushup,100.0,,,,,gform
1,2025-07-29,core,50.0,,,,,gform
1,2025-07-29,pushup,100.0,,,,,gform
1,2025-07-30,core,200.0,,,,,gform
1,2025-07-30,pushup,200.0,,,,,gform
1,2025-07-31,pushup,20.0,,,,,gform
1,2025-08-01,pushup,70.0,,,,,gform
1,2025-08-02,core,200.0,,,,,gform
1,2025-08-02,pushup,200.0,,,,,gform
1,2025-08-03,core,130.0,,,,,gform
1,2025-08-03,leg,200.0,,,,,gform
1,2025-08-03,pushup,130.0,,,,,gform
1,2025-08-03,run,,3000.0,6.0,,,gform
1,2025-08-04,core,30.0,,,,,gform
1,2025-08-04,pushup,30.0,,,,,gform
1,2025-08-06,core,130.0,,,,,gform
1,2025-08-06,pushup,130.0,,,,,gform
1,2025-08-07,core,40.0,,,,,gform
1,2025-08-07,pushup,200.0,,,,,gform
1,2025-08-08,core,50.0,,,,,gform
1,2025-08-08,pushup,150.0,,,,,gform
1,2025-08-09,core,40.0,,,,,gform
1,2025-08-09,leg,40.0,,,,,gform
1,2025-08-09,pushup,40.0,,,,,gform
1,2025-08-09,run,,3600.0,8.0,,,gform
1,2025-08-17,core,150.0,,,,,gform
1,2025-08-17,pushup,100.0,,,,,gform
1,2025-08-17,run,,3600.0,7.8,,,gform
1,2025-08-18,run,,2700.0,5.6,,,gform
1,2025-08-20,core,200.0,,,,,gform
1,2025-08-20,pushup,200.0,,,,,gform
1,2025-08-21,core,70.0,,,,,gform
1,2025-08-21,leg,100.0,,,,,gform
1,2025-08-21,pushup,70.0,,,,,gform
1,2025-08-21,run,,2700.0,5.7,,,gform
1,2025-08-22,core,50.0,,,,,gform
1,2025-08-22,leg,100.0,,,,,gform
1,2025-08-22,pushup,50.0,,,,,gform
1,2025-08-22,run,,1560.0,3.4,,,gform
1,2025-08-23,core,100.0,,,,,gform
1,2025-08-23,leg,100.0,,,,,gform
1,2025-08-23,pushup,50.0,,,,,gform
1,2025-08-23,run,,1800.0,3.6,,,gform
1,2025-08-24,core,100.0,,,,,gform
1,2025-08-24,leg,100.0,,,,,gform
1,2025-08-24,pushup,100.0,,,,,gform
1,2025-08-24,run,,2520.0,5.2,,,gform
1,2025-08-25,core,100.0,,,,,gform
1,2025-08-25,pushup,110.0,,,,,gform
1,2025-08-28,core,50.0,,,,,gform
1,2025-08-28,pushup,200.0,,,,,gform
1,2025-08-29,pushup,100.0,,,,,gform
1,2025-09-01,pushup,100.0,,,,,gform
1,2025-09-01,run,,1800.0,4.1,,,gform
1,2025-09-02,core,70.0,,,,,gform
1,2025-09-02,pushup,210.0,,,,,gform
1,2025-09-04,core,30.0,,,,,gform
1,2025-09-04,pushup,180.0,,,,,gform
1,2025-09-07,core,50.0,,,,,gform
1,2025-09-07,leg,50.0,,,,,gform
1,2025-09-07,pushup,50.0,,,,,gform
1,2025-09-07,run,,1380.0,3.0,,,gform
1,2025-09-08,run,,3600.0,7.9,,,gform
1,2025-09-09,core,40.0,,,,,gform
1,2025-09-09,pushup,210.0,,,,,gform
1,2025-09-10,pushup,170.0,,,,,gform
1,2025-09-11,core,75.0,,,,,gform
1,2025-09-11,pushup,160.0,,,,,gform
1,2025-09-13,core,200.0,,,,,gform
1,2025-09-13,pushup,200.0,,,,,gform
1,2025-09-15,run,,3600.0,8.1,,,gform
1,2025-09-16,pushup,160.0,,,,,gform
1,2025-09-18,pushup,200.0,,,,,gform
1,2025-09-19,pushup,100.0,,,,,gform
1,2025-09-20,run,,3600.0,7.9,,,gform
1,2025-09-21,run,,3600.0,8.3,,,gform
1,2025-09-22,run,,2700.0,6.0,,,gform
1,2025-09-23,core,60.0,,,,,gform
1,2025-09-24,pushup,200.0,,,,,gform
1,2025-09-25,core,80.0,,,,,gform
1,2025-09-26,pushup,190.0,,,,,gform
1,2025-09-27,core,200.0,,,,LLM 토요일 실습 중 맨몸운동만 열심히,gform
1,2025-09-27,pushup,300.0,,,,LLM 토요일 실습 중 맨몸운동만 열심히,gform
1,2025-09-27,run,,3600.0,7.7,,,gform
1,2025-09-28,run,,3600.0,8.0,,,gform
1,2025-10-01,core,50.0,,,,,gform
1,2025-10-01,pushup,120.0,,,,,gform
1,2025-10-01,run,,3600.0,7.1,,,gform
1,2025-10-05,core,50.0,,,,상하이 호텔,gform
1,2025-10-05,leg,50.0,,,,상하이 호텔,gform
1,2025-10-05,pushup,50.0,,,,상하이 호텔,gform
1,2025-10-05,run,,3120.0,6.7,,상하이 호텔,gform
1,2025-10-07,core,100.0,,,,호텔 내 맨몸 운동,gform
1,2025-10-07,pushup,200.0,,,,호텔 내 맨몸 운동,gform
1,2025-10-11,core,180.0,,,,,gform
1,2025-10-11,pushup,180.0,,,,,gform
1,2025-10-11,run,,3600.0,8.1,,,gform
1,2025-10-12,core,80.0,,,,,gform
1,2025-10-12,pushup,80.0,,,,,gform
1,2025-10-12,run,,3600.0,7.4,,,gform
1,2025-10-13,core,80.0,,,,,gform
1,2025-10-13,pushup,80.0,,,,,gform
1,2025-10-13,run,,3600.0,7.3,,,gform
1,2025-10-15,pushup,200.0,,,,,gform
1,2025-10-16,pushup,140.0,,,,상하이 청도 공항에서,gform
1,2025-10-17,pushup,200.0,,,,,gform
1,2025-10-19,core,80.0,,,,,gform
1,2025-10-19,pushup,80.0,,,,,gform
1,2025-10-19,run,,3600.0,8.2,,,gform
1,2025-10-20,run,,3120.0,6.5,,,gform
1,2025-10-21,core,40.0,,,,,gform
1,2025-10-21,pushup,60.0,,,,,gform
1,2025-10-22,pushup,100.0,,,,,gform
1,2025-10-23,pushup,60.0,,,,,gform
1,2025-10-24,core,10.0,,,,,gform
1,2025-10-24,pushup,200.0,,,,,gform
1,2025-10-25,core,180.0,,,,,gform
1,2025-10-25,pushup,100.0,,,,,gform
1,2025-10-26,core,200.0,,,,,gform
1,2025-10-26,pushup,200.0,,,,,gform
1,2025-10-26,run,,3600.0,7.8,,,gform
1,2025-10-27,pushup,140.0,,,,,gform
1,2025-10-28,pushup,100.0,,,,,gform
1,2025-10-29,pushup,80.0,,,,,gform
1,2025-10-30,pushup,200.0,,,,,gform
1,2025-10-31,pushup,200.0,,,,,gform
1,2025-11-02,run,,3600.0,7.8,,,gform
1,2025-11-03,run,,3600.0,9.0,,,gform
1,2025-11-05,pushup,220.0,,,,,gform
1,2025-11-06,pushup,200.0,,,,,gform
1,2025-11-07,pushup,200.0,,,,,gform
1,2025-11-08,core,120.0,,,,,gform
1,2025-11-08,pushup,300.0,,,,,gform
1,2025-11-10,run,,2520.0,4.6,,,gform
1,2025-11-11,core,50.0,,,,어제 독감주사 맞고 팔 아파서 팔 운동 생략,gform
1,2025-11-12,pushup,140.0,,,,,gform
1,2025-11-13,pushup,130.0,,,,,gform
1,2025-11-15,run,,5760.0,14.4,,,gform
1,2025-11-16,run,,3780.0,9.2,,,gform
1,2025-11-17,run,,4800.0,12.0,,,gform
1,2025-11-18,core,40.0,,,,,gform
1,2025-11-18,pushup,140.0,,,,,gform
1,2025-11-20,pushup,220.0,,,,,gform
1,2025-11-21,pushup,188.0,,,,,gform
1,2025-11-22,run,,5400.0,13.5,,,gform
1,2025-11-24,run,,3600.0,9.0,,,gform
1,2025-11-25,pushup,30.0,,,,,gform
1,2025-11-26,pushup,120.0,,,,,gform
1,2025-11-27,pushup,80.0,,,,,gform
1,2025-11-29,run,,4920.0,12.0,,,gform
1,2025-12-01,core,80.0,,,,,gform
1,2025-12-01,pushup,80.0,,,,,gform
1,2025-12-01,run,,3000.0,7.0,,,gform
1,2025-12-02,core,100.0,,,,,gform
1,2025-12-02,pushup,100.0,,,,,gform
1,2025-12-02,run,,1980.0,4.5,,,gform
1,2025-12-03,core,50.0,,,,,gform
1,2025-12-03,leg,50.0,,,,,gform
1,2025-12-03,pushup,50.0,,,,,gform
1,2025-12-03,run,,1800.0,4.2,,,gform
1,2025-12-04,core,100.0,,,,,gform
1,2025-12-04,leg,100.0,,,,,gform
1,2025-12-04,pushup,100.0,,,,,gform
1,2025-12-04,run,,1800.0,4.0,,,gform
1,2025-12-05,core,80.0,,,,,gform
1,2025-12-05,leg,80.0,,,,,gform
1,2025-12-05,pushup,80.0,,,,,gform
1,2025-12-05,run,,1800.0,4.0,,,gform
1,2025-12-06,core,80.0,,,,,gform
1,2025-12-06,leg,80.0,,,,,gform
1,2025-12-06,pushup,80.0,,,,,gform
1,2025-12-06,run,,3000.0,6.7,,,gform
1,2025-12-07,run,,6780.0,15.5,,,gform
1,2025-12-09,core,43.0,,,,,gform
1,2025-12-09,pushup,160.0,,,,,gform
1,2025-12-09,run,,4800.0,12.0,,,gform
1,2025-12-10,core,70.0,,,,,gform
1,2025-12-10,leg,70.0,,,,,gform
1,2025-12-10,pushup,70.0,,,,,gform
1,2025-12-10,run,,2400.0,6.0,,,gform
1,2025-12-11,core,40.0,,,,,gform
1,2025-12-11,leg,40.0,,,,,gform
1,2025-12-11,pushup,40.0,,,,,gform
1,2025-12-11,run,,4800.0,11.0,,,gform
1,2025-12-13,core,40.0,,,,,gform
1,2025-12-13,leg,50.0,,,,,gform
1,2025-12-13,pushup,30.0,,,,,gform
1,2025-12-13,run,,5040.0,13.0,,,gform
1,2025-12-15,core,50.0,,,,,gform
1,2025-12-15,pushup,50.0,,,,,gform
1,2025-12-15,run,,3600.0,8.2,,,gform
1,2025-12-17,core,50.0,,,,,gform
1,2025-12-17,leg,70.0,,,,,gform
1,2025-12-17,pushup,30.0,,,,,gform
1,2025-12-17,run,,2400.0,5.3,,,gform
1,2025-12-19,pushup,290.0,,,,,gform
1,2025-12-19,run,,3600.0,7.9,,,gform
1,2025-12-22,core,100.0,,,,,gform
1,2025-12-22,pushup,305.0,,,,,gform
1,2025-12-23,pushup,210.0,,,,,gform
1,2025-12-23,run,,3240.0,6.6,,,gform
1,2025-12-24,pushup,130.0,,,,,gform
1,2025-12-25,run,,4800.0,12.0,,,gform
1,2025-12-27,core,100.0,,,,,gform
1,2025-12-27,pushup,100.0,,,,,gform
1,2025-12-27,run,,4800.0,11.4,,,gform
1,2025-12-29,run,,2400.0,5.0,,,gform
1,2025-12-31,core,200.0,,,,,gform
1,2025-12-31,pushup,170.0,,,,,gform
1,2025-12-31,run,,3600.0,7.3,,,gform
1,2026-01-02,core,60.0,,,,,gform
1,2026-01-02,pushup,60.0,,,,,gform
1,2026-01-02,run,,2760.0,5.4,,,gform
1,2026-01-05,core,90.0,,,,,gform
1,2026-01-06,core,100.0,,,,,gform
1,2026-01-06,pushup,100.0,,,,,gform
1,2026-01-06,run,,3600.0,7.4,,,gform
1,2026-01-07,core,70.0,,,,,gform
1,2026-01-07,pushup,70.0,,,,,gform
1,2026-01-07,run,,2280.0,5.0,,,gform
1,2026-01-09,core,40.0,,,,,gform
1,2026-01-09,pushup,40.0,,,,,gform
1,2026-01-10,core,40.0,,,,,gform
1,2026-01-10,pushup,40.0,,,,,gform
1,2026-01-10,run,,2580.0,5.6,,,gform
1,2026-01-11,core,120.0,,,,,gform
1,2026-01-11,pushup,100.0,,,,,gform
1,2026-01-11,run,,2160.0,4.6,,,gform
1,2026-01-12,core,100.0,,,,,gform
1,2026-01-12,pushup,80.0,,,,,gform
1,2026-01-12,run,,2100.0,5.0,,,gform
1,2026-01-13,pushup,50.0,,,,,gform
1,2026-01-13,run,,2220.0,5.0,,,gform
1,2026-01-16,pushup,100.0,,,,,gform
1,2026-01-16,run,,3600.0,7.8,,,gform
1,2026-01-17,run,,3600.0,7.2,,,gform
1,2026-01-18,run,,1800.0,3.6,,,gform
1,2026-01-19,run,,1440.0,3.3,,,gform
1,2026-01-20,run,,1200.0,2.7,,,gform
1,2026-01-25,run,,1920.0,4.0,,,gform
1,2026-01-27,core,100.0,,,,,gform
1,2026-01-27,pushup,100.0,,,,,gform
1,2026-01-30,pushup,160.0,,,,,gform
1,2026-01-31,run,,1980.0,4.3,,,gform
1,2026-02-02,pushup,130.0,,,,,gform
1,2026-02-04,core,160.0,,,,,gform
1,2026-02-04,pushup,200.0,,,,,gform
1,2026-02-05,core,80.0,,,,,gform
1,2026-02-05,pushup,200.0,,,,,gform
1,2026-02-05,pushup,100.0,,,,,gform
1,2026-02-08,run,,3240.0,7.5,,,gform
1,2026-02-09,run,,3600.0,8.5,,,gform
1,2026-02-10,core,80.0,,,,,gform
1,2026-02-10,pushup,260.0,,,,,gform
1,2026-02-11,core,80.0,,,,,gform
1,2026-02-11,pushup,150.0,,,,,gform
1,2026-02-11,pushup,100.0,,,,,gform
1,2026-02-12,pushup,180.0,,,,,gform
1,2026-02-14,pushup,150.0,,,,,gform
1,2026-02-18,run,,5760.0,14.3,,,gform
1,2026-02-20,run,,3600.0,8.3,,,gform
1,2026-02-21,pushup,100.0,,,,,gform
1,2026-02-21,run,,2400.0,6.0,,,gform
1,2026-02-22,run,,3600.0,9.0,,,gform
1,2026-02-23,run,,3600.0,7.5,,,gform
1,2026-02-24,core,100.0,,,,,gform
1,2026-02-24,pushup,100.0,,,,,gform
1,2026-02-24,pushup,100.0,,,,,gform
1,2026-02-25,pushup,120.0,,,,,gform
1,2026-02-27,pushup,100.0,,,,,gform
1,2026-03-01,run,,2580.0,5.4,,,gform
1,2026-03-02,run,,2880.0,6.0,,,gform
1,2026-03-03,run,,1200.0,2.7,,,gform
1,2026-03-04,pushup,280.0,,,,,gform
1,2026-03-05,pushup,200.0,,,,,gform
1,2026-03-07,run,,2100.0,4.3,,,gform
1,2026-03-08,run,,2700.0,5.7,,,gform
1,2026-03-09,pushup,100.0,,,,,gform
1,2026-03-09,run,,2580.0,5.2,,,gform
1,2026-03-10,pushup,300.0,,,,,gform
1,2026-03-11,pushup,200.0,,,,,gform
1,2026-03-12,pushup,190.0,,,,,gform
1,2026-03-14,run,,4320.0,8.9,,,gform
1,2026-03-16,pushup,300.0,,,,,gform
1,2026-03-16,run,,3240.0,7.0,,,gform
1,2026-03-17,pushup,100.0,,,,,gform
1,2026-03-20,pushup,230.0,,,,,gform
1,2026-03-21,run,,3600.0,8.4,,,gform
1,2026-03-22,run,,2760.0,5.9,,,gform
1,2026-03-23,pushup,200.0,,,,,gform
1,2026-03-23,run,,2400.0,4.9,,,gform
1,2026-03-25,pushup,120.0,,,,,gform
1,2026-03-26,pushup,340.0,,,,,gform
1,2026-03-28,pushup,200.0,,,,,gform
1,2026-03-28,run,,3600.0,7.5,,,gform
1,2026-03-29,run,,3600.0,6.8,,,gform
1,2026-03-31,pushup,100.0,,,,,gform
1,2026-04-02,core,200.0,,,,,gform
1,2026-04-03,core,200.0,,,,,gform
1,2026-04-04,run,,2880.0,6.1,,,gform
1,2026-04-05,run,,4500.0,9.2,,,gform
1,2026-04-06,run,,1800.0,3.6,,,gform
1,2026-04-08,pushup,200.0,,,,,gform
1,2026-04-10,run,,1800.0,3.7,,,gform
1,2026-04-14,pushup,150.0,,,,,gform
1,2026-04-15,core,20.0,,,,,gform
1,2026-04-15,pushup,110.0,,,,,gform
1,2026-04-17,pushup,100.0,,,,,gform
1,2026-04-19,run,,3600.0,7.8,,,gform
1,2026-04-21,core,300.0,,,,,gform
1,2026-04-21,pushup,320.0,,,,,gform
1,2026-04-22,run,,3000.0,6.1,,,gform
1,2026-04-23,run,,3600.0,7.3,,,gform
1,2026-04-25,run,,2700.0,6.9,,,gform
1,2026-04-26,run,,2400.0,5.5,,,gform
1,2026-04-28,core,100.0,,,,,gform
1,2026-04-28,pushup,50.0,,,,,gform
1,2026-04-29,pushup,100.0,,,,,gform
1,2026-05-02,run,,3000.0,6.6,,,gform
1,2026-05-03,run,,3000.0,6.2,,,gform
1,2026-05-04,run,,3600.0,8.1,,,gform
1,2026-05-05,run,,3600.0,8.0,,,gform
1,2026-05-06,run,,2040.0,4.5,,,gform
1,2026-05-07,run,,2400.0,5.0,,,gform
1,2026-05-08,core,250.0,,,,,gform
1,2026-05-08,pushup,250.0,,,,,gform
1,2026-05-09,run,,3600.0,8.2,,,gform
1,2026-05-10,run,,2700.0,6.4,,,gform
1,2026-05-11,core,300.0,,,,,gform
1,2026-05-11,pushup,300.0,,,,,gform
1,2026-05-12,pushup,200.0,,,,,gform
1,2026-05-13,run,,3600.0,7.6,,,gform
1,2026-05-15,run,,3600.0,7.3,,,gform
1,2026-05-18,run,,3600.0,8.1,,,gform
1,2026-05-19,pushup,300.0,,,,,gform
1,2026-05-20,run,,1920.0,4.2,,,gform
1,2026-05-21,pushup,100.0,,,,,gform
1,2026-05-22,pushup,310.0,,,,,gform
1,2026-05-22,run,,2400.0,5.0,,,gform
1,2026-05-25,run,,3600.0,7.7,,,gform
1,2026-05-27,core,200.0,,,,,gform
1,2026-05-28,core,100.0,,,,,gform
1,2026-05-31,run,,1800.0,3.8,,,gform
1,2026-06-02,run,,2700.0,6.3,,,gform
1,2026-06-03,run,,2700.0,5.7,,,gform
1,2026-06-05,pushup,300.0,,,,,gform
1,2026-06-07,run,,3600.0,8.1,,,gform
1,2026-06-08,core,200.0,,,,,gform
1,2026-06-11,core,250.0,,,,,gform
1,2026-06-11,pushup,200.0,,,,,gform
1,2026-06-14,run,,3600.0,8.2,,,gform
1,2026-06-16,pushup,280.0,,,,,gform
1,2026-06-16,pushup,300.0,,,,,gform
1,2026-06-20,run,,3600.0,8.0,,,gform
1,2026-06-22,pushup,60.0,,,,,gform
1,2026-06-23,pushup,410.0,,,,,gform
1,2026-06-24,pushup,100.0,,,,,gform
1,2026-06-25,pushup,200.0,,,,,gform
1,2026-06-26,pushup,200.0,,,,,gform
1,2026-06-26,pushup,200.0,,,,,gform
1,2026-06-26,pushup,200.0,,,,,gform
1,2026-06-27,run,,2760.0,6.0,,,gform
1,2026-06-29,pushup,100.0,,,,,gform
1,2026-07-03,pushup,200.0,,,,,gform
1,2026-07-04,run,,3000.0,6.1,,,gform
1,2026-07-06,run,,1380.0,3.0,,,gform
1,2026-07-11,run,,3000.0,6.0,,,gform
1,2026-07-17,run,,1860.0,4.0,,,gform
1,2026-07-18,run,,3300.0,7.3,,,gform
1,2026-07-20,pushup,200.0,,,,,gform
1,2026-07-23,pushup,160.0,,,,,gform
1,2026-07-25,run,,1800.0,3.6,,,gform
1,2026-07-26,run,,1560.0,3.3,,,gform
1,2026-07-27,pushup,200.0,,,,,gform
1,2026-07-27,run,,3000.0,6.0,,,gform
1,2026-07-28,run,,3600.0,7.3,,,gform
1,2026-08-02,run,,2400.0,5.7,,,gform
1,2026-08-03,run,,1860.0,4.0,,,gform
1,2026-08-04,run,,1800.0,3.5,,,gform
1,2026-08-05,run,,3120.0,7.0,,,gform
1,2026-08-09,run,,2580.0,6.0,,,gform
1,2026-08-10,run,,2760.0,6.0,,,gform
1,2026-08-12,pushup,150.0,,,,,gform
1,2026-08-12,run,,2400.0,5.2,,,gform
1,2026-08-16,run,,2460.0,5.0,,,gform
1,2026-08-23,run,,2820.0,6.0,,,gform
1,2026-08-27,pushup,200.0,,,,,gform
1,2026-08-29,run,,3000.0,6.2,,,gform
1,2026-08-30,run,,4500.0,10.1,,,gform
1,2026-09-01,pushup,300.0,,,,,gform
1,2026-09-01,run,,3420.0,7.4,,,gform
1,2026-09-02,pushup,130.0,,,,,gform
1,2026-09-02,run,,2400.0,5.0,,,gform
1,2026-09-04,run,,2940.0,6.0,,,gform
